_unit_id,_golden,_unit_state,_trusted_judgments,_last_judgment_at,which_category_best_fits_this_text_,which_category_best_fits_this_text_:confidence,clean_text,created_at,display_text_range,emoji,filtered_text,hashtags,keep,label,scores,sentiment,text,tweet_id,which_category_best_fits_this_text__gold
2687590448,false,finalized,3,3/14/2020 17:48:58,angry_negative_feeling,0.7009,My electric bill getting higher and higher,Fri Mar 13 21:58:24 +0000 2020,"[0, 44]",['😡'],"['electric', 'bill', 'get', 'high', 'high']",[],1,angry,"{'excitement': 0.125, 'happy': 0.125, 'pleasant': 0.125, 'surprise': 0.0, 'fear': 0.0, 'angry': 0.5}","{'polarity': 0.25, 'subjectivity': 0.5}",My electric bill getting higher and higher 😡,1238585227280293890,
2687590449,false,finalized,3,3/14/2020 17:25:22,angry_negative_feeling,1.0,"Trump, the racist, misogynistic, dishonest, swine, thinks he can run our country like he runs his business - corruptly, dishonestly, greedily &amp; unsuccessfully",Fri Mar 13 21:58:34 +0000 2020,"[0, 186]",['😡'],"['trump', 'racist', 'misogynistic', 'dishonest', 'swine', 'think', 'run', 'country', 'like', 'run', 'business', 'corruptly', 'dishonestly', 'greedily', 'amp', 'unsuccessfully']",[],1,angry,"{'excitement': 0.0, 'happy': 0.0, 'pleasant': 0.0, 'surprise': 0.15, 'fear': 0.15, 'angry': 0.65}","{'polarity': -0.3, 'subjectivity': 0.5}","@BarbMcQuade @Yamiche Trump, the racist, misogynistic, dishonest, swine, thinks he can run our country like he runs his business - corruptly, dishonestly, greedily &amp; unsuccessfully 😡",1238585267717648384,
2687590450,false,finalized,3,3/14/2020 18:05:08,angry_negative_feeling,0.7602,no yet but it’s coming and i’m mad,Fri Mar 13 21:58:44 +0000 2020,"[0, 36]",['😡'],"['yet', 'come', 'mad']",[],1,angry,"{'excitement': 0.0, 'happy': 0.0, 'pleasant': 0.0, 'surprise': 0.625, 'fear': 0.625, 'angry': 1.125}","{'polarity': -0.625, 'subjectivity': 1.0}",no yet but it’s coming and i’m mad 😡,1238585309916528640,
2687590451,false,finalized,3,3/14/2020 17:23:26,angry_negative_feeling,1.0,"corona virus this, corona virus that. Why don’t you corona this cock in your mouth",Fri Mar 13 21:59:45 +0000 2020,"[0, 84]",['😡'],"['corona', 'virus', 'corona', 'virus', 'corona', 'cock', 'mouth']",[],1,angry,"{'excitement': 0.0, 'happy': 0.0, 'pleasant': 0.0, 'surprise': 0.0, 'fear': 0.0, 'angry': 0.5}","{'polarity': 0.0, 'subjectivity': 0.0}","corona virus this, corona virus that. Why don’t you corona this cock in your mouth 😡",1238585566389665793,
2687590452,false,finalized,3,3/14/2020 17:48:58,angry_negative_feeling,1.0,Look at this mess here y’all and people wonder why is a poverty stricken state!! This shit makes me mad for real,Fri Mar 13 21:59:28 +0000 2020,"[0, 127]",['😡'],"['look', 'mess', 'people', 'wonder', 'poverty', 'stricken', 'state', 'shit', 'make', 'mad', 'real']",[],1,angry,"{'excitement': 0.0, 'happy': 0.0, 'pleasant': 0.0, 'surprise': 0.12774658203125003, 'fear': 0.12774658203125003, 'angry': 0.62774658203125}","{'polarity': -0.224609375, 'subjectivity': 0.5687500000000001}",Look at this mess here y’all and people wonder why @mississippi is a poverty stricken state!! This shit makes me mad 😡 for real,1238585495212429312,
2687590453,false,finalized,3,3/14/2020 17:53:51,angry_negative_feeling,1.0,He is and will always be an ignorant moron,Fri Mar 13 22:00:36 +0000 2020,"[0, 60]",['😡'],"['always', 'ignorant', 'moron']",[],1,angry,"{'excitement': 0.0, 'happy': 0.0, 'pleasant': 0.0, 'surprise': 0.8, 'fear': 0.8, 'angry': 1.3}","{'polarity': -0.8, 'subjectivity': 1.0}",@washingtonpost He is and will always be an ignorant moron 😡,1238585781364625408,
2687590454,false,finalized,3,3/14/2020 17:56:45,angry_negative_feeling,1.0,"Honestly don't know when they stopped but if it was after the rules went into effect, might wanna report them to Starbucks. They need to take it seriously",Fri Mar 13 22:00:46 +0000 2020,"[0, 171]",['😡'],"['honestly', 'know', 'stop', 'rule', 'go', 'effect', 'might', 'wanna', 'report', 'starbucks', 'need', 'take', 'seriously']",[],1,angry,"{'excitement': 0.10444444444444444, 'happy': 0.10444444444444444, 'pleasant': 0.10444444444444444, 'surprise': 0.0, 'fear': 0.0, 'angry': 0.5}","{'polarity': 0.13333333333333333, 'subjectivity': 0.7833333333333333}","@DesMephisto Honestly don't know when they stopped but if it was after the rules went into effect, might wanna report them to Starbucks. 

They need to take it seriously 😡",1238585821814546435,
2687590455,false,finalized,3,3/14/2020 17:48:58,angry_negative_feeling,0.6813,"As a US citizen, my top concern was what the CEOs of , , &amp; thought about #Coronavirus. It's much more important to hear about websites, parking lots, &amp; toilet paper sales than to hear from medical experts. Thanks, ! Amazing leadership.",Fri Mar 13 22:01:25 +0000 2020,"[0, 287]",['😡'],"['u', 'citizen', 'top', 'concern', 'ceo', 'amp', 'think', 'coronavirus', 'much', 'important', 'hear', 'website', 'park', 'lot', 'amp', 'toilet', 'paper', 'sale', 'hear', 'medical', 'expert', 'thanks', 'amaze', 'leadership']","[{'text': 'Coronavirus', 'indices': [103, 115]}]",1,angry,"{'excitement': 0.14023809523809527, 'happy': 0.14023809523809527, 'pleasant': 0.14023809523809527, 'surprise': 0.0, 'fear': 0.0, 'angry': 0.5}","{'polarity': 0.3166666666666667, 'subjectivity': 0.4428571428571429}","As a US citizen, my top concern was what the CEOs of @Walmart, @Target, &amp; @Walgreens thought about #Coronavirus. It's much more important to hear about websites, parking lots, &amp; toilet paper sales than to hear from medical experts.
Thanks, @realDonaldTrump! Amazing leadership.
😡",1238585984444289034,
2687590456,false,finalized,3,3/14/2020 17:56:45,angry_negative_feeling,1.0,Oh no!!!! Really!! That sucks!! And so bad for them to not let you know sooner!,Fri Mar 13 22:01:36 +0000 2020,"[0, 106]",['😡'],"['oh', 'really', 'suck', 'bad', 'let', 'know', 'sooner']",[],1,angry,"{'excitement': 0.0, 'happy': 0.0, 'pleasant': 0.0, 'surprise': 0.1944444444444444, 'fear': 0.1944444444444444, 'angry': 0.6944444444444444}","{'polarity': -0.49999999999999994, 'subjectivity': 0.38888888888888884}",@frannythom @SimonCalder Oh no!!!! Really!! That sucks!! 😡 And so bad for them to not let you know sooner!,1238586032716517379,
2687590457,false,finalized,3,3/14/2020 17:25:22,angry_negative_feeling,0.6854,I always had so much trouble opening those it always stopped working,Fri Mar 13 22:01:47 +0000 2020,"[0, 73]","['😭', '😭', '😡']","['always', 'much', 'trouble', 'open', 'always', 'stop', 'work']",[],1,angry,"{'excitement': 0.0, 'happy': 0.0, 'pleasant': 0.0, 'surprise': 0.04000000000000001, 'fear': 0.04000000000000001, 'angry': 0.54}","{'polarity': -0.2, 'subjectivity': 0.2}",I always had so much trouble opening those 😭😭 it always stopped working 😡,1238586077499330561,
2687590458,false,finalized,3,3/14/2020 17:23:29,angry_negative_feeling,1.0,Poor baby! Look at her little face! I’m calling the RSPCA. You should feel ashamed of yourself.,Fri Mar 13 22:02:26 +0000 2020,"[0, 113]",['😡'],"['poor', 'baby', 'look', 'little', 'face', 'call', 'rspca', 'feel', 'ashamed']",[],1,angry,"{'excitement': 0.0, 'happy': 0.0, 'pleasant': 0.0, 'surprise': 0.201953125, 'fear': 0.201953125, 'angry': 0.701953125}","{'polarity': -0.3671875, 'subjectivity': 0.55}",@AndyWoodturner Poor baby! Look at her little face! I’m calling the RSPCA. You should feel ashamed of yourself. 😡,1238586240259239942,
2687590459,false,finalized,3,3/14/2020 17:17:20,angry_negative_feeling,1.0,No he doesn’t and he will go down in history as the WORST PRESIDENT EVER!!!!,Fri Mar 13 22:02:27 +0000 2020,"[0, 92]",['😡'],"['go', 'history', 'bad', 'president', 'ever']",[],1,angry,"{'excitement': 0.0, 'happy': 0.0, 'pleasant': 0.0, 'surprise': 0.3723456790123457, 'fear': 0.3723456790123457, 'angry': 0.8723456790123457}","{'polarity': -0.5777777777777778, 'subjectivity': 0.6444444444444445}",@brianstelter No he doesn’t and he will go down in history as the WORST PRESIDENT EVER!!!! 😡,1238586245531357189,
2687590460,false,finalized,3,3/14/2020 17:53:51,angry_negative_feeling,0.6951,Wow Im speechless as to the total disregard for life,Fri Mar 13 22:03:36 +0000 2020,"[0, 68]",['😡'],"['wow', 'speechless', 'total', 'disregard', 'life']",[],1,angry,"{'excitement': 0.043750000000000004, 'happy': 0.043750000000000004, 'pleasant': 0.043750000000000004, 'surprise': 0.0, 'fear': 0.0, 'angry': 0.5}","{'polarity': 0.05, 'subjectivity': 0.875}",@helenprejean Wow Im speechless as to the total disregard for life 😡,1238586536322457600,
2687590461,false,finalized,3,3/14/2020 18:16:12,angry_negative_feeling,1.0,His limited lexicon is infuriating! In case you missed it...,Fri Mar 13 22:04:06 +0000 2020,"[0, 102]",['😡'],"['limited', 'lexicon', 'infuriate', 'case', 'miss']",[],1,angry,"{'excitement': 0.0, 'happy': 0.0, 'pleasant': 0.0, 'surprise': 0.19362244897959183, 'fear': 0.19362244897959183, 'angry': 0.6936224489795918}","{'polarity': -0.4107142857142857, 'subjectivity': 0.4714285714285714}",@HoarseWisperer His limited lexicon is infuriating! 😡 In case you missed it... https://t.co/mChzITLziF,1238586659970650112,
2687590462,false,finalized,3,3/14/2020 17:25:22,angry_negative_feeling,0.6854,"Not being funny but what dick heads needs five packs of nappy’s and three big boxes of wipes? It’s a illness not a zombie apocalypse oh wait the 10 women I’ve seen in Tesco tonight with trolleys full to the brim, meaning no one else can have anything when they run out!!!!",Fri Mar 13 22:04:33 +0000 2020,"[0, 274]",['😡'],"['funny', 'dick', 'head', 'need', 'five', 'pack', 'nappy', 'three', 'big', 'box', 'wipe', 'illness', 'zombie', 'apocalypse', 'oh', 'wait', '10', 'woman', 'see', 'tesco', 'tonight', 'trolley', 'full', 'brim', 'meaning', 'one', 'else', 'anything', 'run']",[],1,angry,"{'excitement': 0.20249023437500002, 'happy': 0.20249023437500002, 'pleasant': 0.20249023437500002, 'surprise': 0.0, 'fear': 0.0, 'angry': 0.5}","{'polarity': 0.3681640625, 'subjectivity': 0.55}","Not being funny but what dick heads needs five packs of nappy’s and three big boxes of wipes? It’s a illness not a zombie apocalypse 😡 oh wait the 10 women I’ve seen in Tesco tonight with trolleys full to the brim, meaning no one else can have anything when they run out!!!!",1238586775196631046,
2687590463,false,finalized,3,3/14/2020 17:48:58,angry_negative_feeling,1.0,"Y’all keep canceling shit, Imma cancel y’all",Fri Mar 13 22:06:56 +0000 2020,"[0, 46]",['😡'],"['keep', 'canceling', 'shit', 'imma', 'cancel']",[],1,angry,"{'excitement': 0.0, 'happy': 0.0, 'pleasant': 0.0, 'surprise': 0.16000000000000003, 'fear': 0.16000000000000003, 'angry': 0.66}","{'polarity': -0.2, 'subjectivity': 0.8}","Y’all keep canceling shit, Imma cancel y’all 😡",1238587375426494464,
2687590464,false,finalized,3,3/14/2020 18:16:12,angry_negative_feeling,1.0,I be so mad when I have an appointment for something and there is still an extremely long wait when you get there for your appt on time!,Fri Mar 13 22:06:58 +0000 2020,"[0, 138]",['😡'],"['mad', 'appointment', 'something', 'still', 'extremely', 'long', 'wait', 'get', 'appt', 'time']",[],1,angry,"{'excitement': 0.0, 'happy': 0.0, 'pleasant': 0.0, 'surprise': 0.24062499999999998, 'fear': 0.24062499999999998, 'angry': 0.740625}","{'polarity': -0.34375, 'subjectivity': 0.7}",I be so mad when I have an appointment for something and there is still an extremely long wait when you get there for your appt on time! 😡,1238587384310054913,
2687590465,false,finalized,3,3/14/2020 17:56:45,angry_negative_feeling,1.0,"how dare you ignore true art, im going to tell my mom",Fri Mar 13 22:07:09 +0000 2020,"[0, 70]",['😡'],"['dare', 'ignore', 'true', 'art', 'go', 'tell', 'mom']",[],1,angry,"{'excitement': 0.22749999999999998, 'happy': 0.22749999999999998, 'pleasant': 0.22749999999999998, 'surprise': 0.0, 'fear': 0.0, 'angry': 0.5}","{'polarity': 0.35, 'subjectivity': 0.65}","@NiallOfficial how dare you ignore true art, im going to tell my mom 😡",1238587427482218498,
2687590466,false,finalized,3,3/14/2020 17:53:51,angry_negative_feeling,0.6951,let me find out they’re caneclling school monday too so i cant do this,Fri Mar 13 22:07:19 +0000 2020,"[0, 72]",['😡'],"['let', 'find', 'caneclling', 'school', 'monday', 'ca', 'nt']",[],1,angry,"{'excitement': 0.0, 'happy': 0.0, 'pleasant': 0.0, 'surprise': 0.0, 'fear': 0.0, 'angry': 0.5}","{'polarity': 0.0, 'subjectivity': 0.0}",let me find out they’re caneclling school monday too so i cant do this 😡,1238587471115341825,
2687590467,false,finalized,3,3/14/2020 17:49:00,angry_negative_feeling,0.6655,This late in the day. You dick heads,Fri Mar 13 22:13:50 +0000 2020,"[0, 86]",['😡'],"['late', 'day', 'dick', 'head']",[],1,angry,"{'excitement': 0.0, 'happy': 0.0, 'pleasant': 0.0, 'surprise': 0.18, 'fear': 0.18, 'angry': 0.6799999999999999}","{'polarity': -0.3, 'subjectivity': 0.6}",@WelshRugbyUnion @Scotlandteam @SixNationsRugby This late in the day. You dick heads 😡,1238589111990128642,
2687590468,false,finalized,3,3/14/2020 18:05:08,happy_positive_feeling,0.6058,We got weeks of spring break,Fri Mar 13 21:58:42 +0000 2020,"[0, 46]",['😆'],"['get', 'week', 'spring', 'break']",[],1,excitement,"{'excitement': 0.5, 'happy': 0.0, 'pleasant': 0.0, 'surprise': 0.0, 'fear': 0.0, 'angry': 0.0}","{'polarity': 0.0, 'subjectivity': 0.0}",@TheWrazzlinKid We got weeks of spring break 😆,1238585302186430466,
2687590469,false,finalized,3,3/14/2020 17:49:00,excitement_positive_feeling,1.0,"Thanks hon, I really needed a good larf!!!",Fri Mar 13 22:01:31 +0000 2020,"[0, 55]",['😆'],"['thanks', 'hon', 'really', 'need', 'good', 'larf']",[],1,excitement,"{'excitement': 0.6555555555555556, 'happy': 0.15555555555555553, 'pleasant': 0.15555555555555553, 'surprise': 0.0, 'fear': 0.0, 'angry': 0.0}","{'polarity': 0.4666666666666666, 'subjectivity': 0.3333333333333333}","@ReelQuinn Thanks hon, I really needed a good larf!!! 😆",1238586009853411330,
2687590470,false,finalized,3,3/14/2020 17:56:45,excitement_positive_feeling,1.0,Haha you do make a good point,Fri Mar 13 22:02:04 +0000 2020,"[0, 45]",['😆'],"['haha', 'make', 'good', 'point']",[],1,excitement,"{'excitement': 0.7025, 'happy': 0.2025, 'pleasant': 0.2025, 'surprise': 0.0, 'fear': 0.0, 'angry': 0.0}","{'polarity': 0.44999999999999996, 'subjectivity': 0.45000000000000007}",@DanJBalkwill Haha you do make a good point 😆,1238586150652174338,
2687590471,false,finalized,3,3/14/2020 17:47:33,excitement_positive_feeling,0.6548,Drink the whole beer and forget about it.,Fri Mar 13 22:02:55 +0000 2020,"[0, 67]",['😆'],"['drink', 'whole', 'beer', 'forget']",[],1,excitement,"{'excitement': 0.5800000000000001, 'happy': 0.08000000000000002, 'pleasant': 0.08000000000000002, 'surprise': 0.0, 'fear': 0.0, 'angry': 0.0}","{'polarity': 0.2, 'subjectivity': 0.4}",@GregSimmons385 @Disney Drink the whole beer and forget about it. 😆,1238586364016447489,
2687590472,false,finalized,3,3/14/2020 17:47:54,happy_positive_feeling,0.6269,Thank you thank you thank you needed to hear that!!!!,Fri Mar 13 22:02:56 +0000 2020,"[0, 55]",['😜'],"['thank', 'thank', 'thank', 'need', 'hear']",[],1,excitement,"{'excitement': 0.5, 'happy': 0.0, 'pleasant': 0.0, 'surprise': 0.0, 'fear': 0.0, 'angry': 0.0}","{'polarity': 0.0, 'subjectivity': 0.0}",Thank you thank you thank you needed to hear that!!!! 😜,1238586365673123840,
2687590473,false,finalized,3,3/14/2020 17:48:58,excitement_positive_feeling,1.0,"Can you make pizza, burgers or cookies for my birthday next week?",Fri Mar 13 22:03:39 +0000 2020,"[0, 67]",['😆'],"['make', 'pizza', 'burger', 'cooky', 'birthday', 'next', 'week']",[],1,excitement,"{'excitement': 0.5, 'happy': 0.0, 'pleasant': 0.0, 'surprise': 0.0, 'fear': 0.0, 'angry': 0.0}","{'polarity': 0.0, 'subjectivity': 0.0}","Can you make pizza, burgers or cookies for my birthday next week? 😆",1238586545919143937,
2687590474,false,finalized,3,3/14/2020 18:19:12,pleasant_positive_feeling,0.6363,"What a clever lad, his writing looks just like his Uncle Paul’s!",Fri Mar 13 22:05:05 +0000 2020,"[0, 82]",['😆'],"['clever', 'lad', 'write', 'look', 'like', 'uncle', 'paul']",[],1,excitement,"{'excitement': 0.6736111111111112, 'happy': 0.1736111111111111, 'pleasant': 0.1736111111111111, 'surprise': 0.0, 'fear': 0.0, 'angry': 0.0}","{'polarity': 0.20833333333333331, 'subjectivity': 0.8333333333333334}","@Footballingfox What a clever lad, his writing looks just like his Uncle Paul’s! 😆",1238586909489799168,
2687590475,false,finalized,3,3/14/2020 17:53:51,happy_positive_feeling,0.6756,they were such a good group,Fri Mar 13 22:06:04 +0000 2020,"[0, 52]",['😆'],"['good', 'group']",[],1,excitement,"{'excitement': 0.6925, 'happy': 0.1925, 'pleasant': 0.1925, 'surprise': 0.0, 'fear': 0.0, 'angry': 0.0}","{'polarity': 0.35, 'subjectivity': 0.55}",@mixerx_x @OliLondonTV they were such a good group 😆,1238587156660191232,
2687590476,false,finalized,3,3/14/2020 17:47:54,excitement_positive_feeling,0.7388,They are fertilising an orchard so we're good,Fri Mar 13 22:06:36 +0000 2020,"[0, 59]",['😆'],"['fertilise', 'orchard', 'good']",[],1,excitement,"{'excitement': 0.92, 'happy': 0.42000000000000004, 'pleasant': 0.42000000000000004, 'surprise': 0.0, 'fear': 0.0, 'angry': 0.0}","{'polarity': 0.7, 'subjectivity': 0.6000000000000001}",@Amanda_377 They are fertilising an orchard so we're good 😆,1238587289938386950,
2687590477,false,finalized,3,3/14/2020 17:47:54,pleasant_positive_feeling,0.6016,Make that 4 episodes #bingewatch,Fri Mar 13 22:07:53 +0000 2020,"[0, 75]",['😆'],"['make', '4', 'episode', 'bingewatch']","[{'text': 'bingewatch', 'indices': [38, 49]}]",1,excitement,"{'excitement': 0.5, 'happy': 0.0, 'pleasant': 0.0, 'surprise': 0.0, 'fear': 0.0, 'angry': 0.0}","{'polarity': 0.0, 'subjectivity': 0.0}",@StephenGraham73 Make that 4 episodes #bingewatch 😆 https://t.co/wOcuhkxVQZ,1238587614141329413,
2687590478,false,finalized,3,3/14/2020 17:23:26,excitement_positive_feeling,0.7177,Make that 4 episodes #bingewatch,Fri Mar 13 22:07:53 +0000 2020,"[0, 75]",['😆'],"['make', '4', 'episode', 'bingewatch']","[{'text': 'bingewatch', 'indices': [38, 49]}]",1,excitement,"{'excitement': 0.5, 'happy': 0.0, 'pleasant': 0.0, 'surprise': 0.0, 'fear': 0.0, 'angry': 0.0}","{'polarity': 0.0, 'subjectivity': 0.0}",@StephenGraham73 Make that 4 episodes #bingewatch 😆 https://t.co/wOcuhkxVQZ,1238587614141329413,
2687590479,false,finalized,3,3/14/2020 17:58:07,excitement_positive_feeling,1.0,At least amazon sells dog food!!,Fri Mar 13 22:09:13 +0000 2020,"[0, 50]",['😆'],"['least', 'amazon', 'sell', 'dog', 'food']",[],1,excitement,"{'excitement': 0.5, 'happy': 0.0, 'pleasant': 0.0, 'surprise': 0.1875, 'fear': 0.1875, 'angry': 0.1875}","{'polarity': -0.46875, 'subjectivity': 0.4}",@CaitlinRoseee_ At least amazon sells dog food!! 😆,1238587948809019393,
2687590480,false,finalized,3,3/14/2020 17:23:26,surprise_negative_feeling,0.4113,A deer in the headlights. My after the dentist look. At least my mouth isn't frozen (I opt out of freezing for dental work) but a little 'puffy' from the event that caused me to break a tooth (clumsiness 🤣). A typical Friday the 13th no? At least he fed me pizza.,Fri Mar 13 22:09:40 +0000 2020,"[0, 297]","['🤣', '😆']","['deer', 'headlight', 'dentist', 'look', 'least', 'mouth', 'frozen', 'opt', 'freeze', 'dental', 'work', 'little', 'puffy', 'event', 'cause', 'break', 'tooth', 'clumsiness', 'typical', 'friday', 'least', 'feed', 'pizza']",[],1,excitement,"{'excitement': 0.5, 'happy': 0.0, 'pleasant': 0.0, 'surprise': 0.0687, 'fear': 0.0687, 'angry': 0.0687}","{'polarity': -0.19083333333333333, 'subjectivity': 0.36}",A deer in the headlights. My after the dentist look. At least my mouth isn't frozen (I opt out of freezing for dental work) but a little 'puffy' from the event that caused me to break a tooth (clumsiness 🤣). A typical Friday the 13th no? At least he fed me pizza. 😆 @mseyqm https://t.co/W5egiEQhUW,1238588063019909125,
2687590481,false,finalized,3,3/14/2020 17:25:22,happy_positive_feeling,1.0,I love it too he’s mad funny Rabbit today had me weak smiling in the backseat while his pops is ranting lol,Fri Mar 13 22:11:30 +0000 2020,"[0, 120]",['😆'],"['love', 'mad', 'funny', 'rabbit', 'today', 'weak', 'smile', 'backseat', 'pop', 'rant', 'lol']",[],1,excitement,"{'excitement': 0.58635, 'happy': 0.08635, 'pleasant': 0.08635, 'surprise': 0.0, 'fear': 0.0, 'angry': 0.0}","{'polarity': 0.11000000000000001, 'subjectivity': 0.7849999999999999}",@foulbertt I love it too he’s mad funny 😆 Rabbit today had me weak smiling in the backseat while his pops is ranting lol,1238588525198495745,
2687590482,false,finalized,3,3/14/2020 17:23:29,excitement_positive_feeling,0.3624,Damn I'm good.,Fri Mar 13 22:11:40 +0000 2020,"[0, 40]",['😆'],"['damn', 'good']",[],1,excitement,"{'excitement': 0.92, 'happy': 0.42000000000000004, 'pleasant': 0.42000000000000004, 'surprise': 0.0, 'fear': 0.0, 'angry': 0.0}","{'polarity': 0.7, 'subjectivity': 0.6000000000000001}",Damn I'm good. 😆 https://t.co/dflYXwtcUS,1238588566281654272,
2687590483,false,finalized,3,3/14/2020 17:25:22,excitement_positive_feeling,0.6892,I kicked ass at work today!!!!,Fri Mar 13 22:14:19 +0000 2020,"[0, 32]",['😆'],"['kick', 'work', 'today']",[],1,excitement,"{'excitement': 0.5, 'happy': 0.0, 'pleasant': 0.0, 'surprise': 0.0, 'fear': 0.0, 'angry': 0.0}","{'polarity': 0.0, 'subjectivity': 0.0}",I kicked ass at work today!!!! 😆,1238589232471355393,
2687590484,false,finalized,3,3/14/2020 17:53:51,excitement_positive_feeling,1.0,standing up Liverpool players,Fri Mar 13 22:18:08 +0000 2020,"[0, 54]",['😆'],"['stand', 'liverpool', 'player']",[],1,excitement,"{'excitement': 0.5, 'happy': 0.0, 'pleasant': 0.0, 'surprise': 0.0, 'fear': 0.0, 'angry': 0.0}","{'polarity': 0.0, 'subjectivity': 0.0}",@RedDevilBible @orafa2 standing up Liverpool players 😆,1238590192774254605,
2687590485,false,finalized,3,3/14/2020 17:56:45,excitement_positive_feeling,1.0,Yes. I needed a good laugh,Fri Mar 13 22:18:14 +0000 2020,"[0, 56]",['😆'],"['yes', 'need', 'good', 'laugh']",[],1,excitement,"{'excitement': 0.675, 'happy': 0.17500000000000002, 'pleasant': 0.17500000000000002, 'surprise': 0.0, 'fear': 0.0, 'angry': 0.0}","{'polarity': 0.5, 'subjectivity': 0.35000000000000003}",@Shari2112 @glennkirschner2 Yes. I needed a good laugh 😆,1238590217914855430,
2687590486,false,finalized,3,3/14/2020 17:48:58,happy_positive_feeling,0.6487,I can’t stop smiling bro,Fri Mar 13 22:19:37 +0000 2020,"[0, 26]",['😆'],"['ca', 'stop', 'smile', 'bro']",[],1,excitement,"{'excitement': 0.5, 'happy': 0.0, 'pleasant': 0.0, 'surprise': 0.0, 'fear': 0.0, 'angry': 0.0}","{'polarity': 0.0, 'subjectivity': 0.0}",I can’t stop smiling bro 😆,1238590566490877953,
2687590487,false,finalized,3,3/14/2020 17:56:45,excitement_positive_feeling,1.0,It was her Birthday present along with her birthday stick,Fri Mar 13 22:20:10 +0000 2020,"[0, 102]","['💝', '😆']","['birthday', 'present', 'along', 'birthday', 'stick']",[],1,excitement,"{'excitement': 0.5, 'happy': 0.0, 'pleasant': 0.0, 'surprise': 0.0, 'fear': 0.0, 'angry': 0.0}","{'polarity': 0.0, 'subjectivity': 0.0}",@Daffodil01chase It was her Birthday present 💝 along with her birthday stick 😆 https://t.co/NhX5Bz4wTd,1238590702445101056,
2687590488,false,finalized,3,3/14/2020 17:58:07,fear_negative_feeling,1.0,All of our public schools are closing down till April - toilet paper is gone off the shelves - bleach and hand sanitizer is nonexistent! Blows my mind something that started in China has effected my Dollar General down the street in my small town!,Fri Mar 13 22:00:12 +0000 2020,"[0, 275]",['😱'],"['public', 'school', 'close', 'till', 'april', 'toilet', 'paper', 'go', 'shelf', 'bleach', 'hand', 'sanitizer', 'nonexistent', 'blow', 'mind', 'something', 'start', 'china', 'effect', 'dollar', 'general', 'street', 'small', 'town']",[],1,fear,"{'excitement': 0.0, 'happy': 0.0, 'pleasant': 0.0, 'surprise': 0.02639617626886146, 'fear': 0.5263961762688615, 'angry': 0.02639617626886146}","{'polarity': -0.1025462962962963, 'subjectivity': 0.2574074074074075}","All of our public schools are closing down till April - toilet paper is gone off the shelves - bleach and hand sanitizer is nonexistent! 

Blows my mind something that started in China has effected my Dollar General down the street in my small town! 😱 https://t.co/O3qxe457yN",1238585681628160000,
2687590489,false,finalized,3,3/14/2020 17:23:29,fear_negative_feeling,0.7153,That last kill for the team wipe,Fri Mar 13 22:00:29 +0000 2020,"[0, 58]",['😱'],"['last', 'kill', 'team', 'wipe']",[],1,fear,"{'excitement': 0.0, 'happy': 0.0, 'pleasant': 0.0, 'surprise': 0.0, 'fear': 0.5, 'angry': 0.0}","{'polarity': 0.0, 'subjectivity': 0.06666666666666667}",That last kill for the team wipe 😱 https://t.co/ARaXjnSxBf,1238585751983411200,
2687590490,false,finalized,3,3/14/2020 17:58:07,fear_negative_feeling,0.6026,Holy FUCKING shit bro this is madness,Fri Mar 13 22:00:56 +0000 2020,"[0, 57]",['😱'],"['holy', 'fuck', 'shit', 'bro', 'madness']",[],1,fear,"{'excitement': 0.0, 'happy': 0.0, 'pleasant': 0.0, 'surprise': 0.16000000000000003, 'fear': 0.66, 'angry': 0.16000000000000003}","{'polarity': -0.2, 'subjectivity': 0.8}",@BigBoyBake @H3CZ Holy FUCKING shit bro this is madness 😱,1238585865896710144,
2687590491,false,finalized,3,3/14/2020 17:49:00,fear_negative_feeling,1.0,"Our state has closed all k-12 schools I'm in total shock. Starting next wednesday, no school till at least april 6th. COVID-19 is serious stuff and I'm so shocked at the lack of real info out there vs the sensationalist media.",Fri Mar 13 22:02:57 +0000 2020,"[0, 228]",['😱'],"['state', 'close', 'school', 'total', 'shock', 'start', 'next', 'wednesday', 'school', 'till', 'least', 'april', 'serious', 'stuff', 'shock', 'lack', 'real', 'info', 'vs', 'sensationalist', 'medium']",[],1,fear,"{'excitement': 0.0, 'happy': 0.0, 'pleasant': 0.0, 'surprise': 0.06006076388888888, 'fear': 0.5600607638888889, 'angry': 0.06006076388888888}","{'polarity': -0.15416666666666667, 'subjectivity': 0.3895833333333333}","Our state has closed all k-12 schools 😱 I'm in total shock. Starting next wednesday, no school till at least april 6th. COVID-19 is serious stuff and I'm so shocked at the lack of real info out there vs the sensationalist media.",1238586372275032065,
2687590492,false,finalized,3,3/14/2020 17:23:29,fear_negative_feeling,0.7153,"We can all agree that panic buying in the stores is bad, but just imagine how much worse it might be if virus stories were being delivered by some of our local media weather presenters.",Fri Mar 13 22:03:24 +0000 2020,"[0, 187]",['😱'],"['agree', 'panic', 'buying', 'store', 'bad', 'imagine', 'much', 'bad', 'might', 'virus', 'story', 'deliver', 'local', 'medium', 'weather', 'presenter']",[],1,fear,"{'excitement': 0.0, 'happy': 0.0, 'pleasant': 0.0, 'surprise': 0.1548148148148148, 'fear': 0.6548148148148147, 'angry': 0.1548148148148148}","{'polarity': -0.36666666666666664, 'subjectivity': 0.4222222222222222}","We can all agree that panic buying in the stores is bad, but just imagine how much worse it might be if virus stories were being delivered by some of our local media weather presenters. 😱",1238586484120268805,
2687590493,false,finalized,3,3/14/2020 17:47:54,fear_negative_feeling,0.7388,Here's what NASA learned from its closest flyby of the Sun,Fri Mar 13 22:05:00 +0000 2020,"[0, 84]",['😱'],"['nasa', 'learn', 'close', 'flyby', 'sun']",[],1,fear,"{'excitement': 0.0, 'happy': 0.0, 'pleasant': 0.0, 'surprise': 0.0, 'fear': 0.5, 'angry': 0.0}","{'polarity': 0.0, 'subjectivity': 0.0}",Here's what NASA learned from its closest flyby of the Sun 😱 https://t.co/4tJaT0YTeo,1238586886874112000,
2687590494,false,finalized,3,3/14/2020 18:19:12,fear_negative_feeling,1.0,OMG! I just keep getting scared! What am I going to do with myself... Will this ever clear?,Fri Mar 13 22:05:47 +0000 2020,"[0, 106]",['😱'],"['omg', 'keep', 'get', 'scared', 'go', 'ever', 'clear']",[],1,fear,"{'excitement': 0.03833333333333334, 'happy': 0.03833333333333334, 'pleasant': 0.03833333333333334, 'surprise': 0.0, 'fear': 0.5, 'angry': 0.0}","{'polarity': 0.10000000000000002, 'subjectivity': 0.3833333333333333}",@tyleroakley OMG! I just keep getting scared! What am I going to do with myself... Will this ever clear? 😱,1238587083305910273,
2687590495,false,finalized,3,3/14/2020 17:23:26,fear_negative_feeling,0.7398,"I might get heart attack, the music.",Fri Mar 13 22:05:50 +0000 2020,"[0, 38]",['😱'],"['might', 'get', 'heart', 'attack', 'music']",[],1,fear,"{'excitement': 0.0, 'happy': 0.0, 'pleasant': 0.0, 'surprise': 0.0, 'fear': 0.5, 'angry': 0.0}","{'polarity': 0.0, 'subjectivity': 0.0}","I might get heart attack, the music. 😱",1238587097650327552,
2687590496,false,finalized,3,3/14/2020 18:25:45,fear_negative_feeling,0.8049,I cam't believe how empty the shops are,Fri Mar 13 22:06:23 +0000 2020,"[0, 41]",['😱'],"['believe', 'empty', 'shop']",[],1,fear,"{'excitement': 0.0, 'happy': 0.0, 'pleasant': 0.0, 'surprise': 0.05, 'fear': 0.55, 'angry': 0.05}","{'polarity': -0.1, 'subjectivity': 0.5}",I cam't believe how empty the shops are 😱,1238587237484421121,
2687590497,false,finalized,3,3/14/2020 17:17:31,fear_negative_feeling,0.6934,Of course corona happened Friday the 13th,Fri Mar 13 22:09:46 +0000 2020,"[0, 43]",['😱'],"['course', 'corona', 'happen', 'friday']",[],1,fear,"{'excitement': 0.0, 'happy': 0.0, 'pleasant': 0.0, 'surprise': 0.0, 'fear': 0.5, 'angry': 0.0}","{'polarity': 0.0, 'subjectivity': 0.0}",Of course corona happened Friday the 13th 😱,1238588085702623234,
2687590498,false,finalized,3,3/14/2020 18:16:12,fear_negative_feeling,0.7377,maybe he has a fever he's like fuck it!,Fri Mar 13 22:10:14 +0000 2020,"[0, 53]",['😱'],"['maybe', 'fever', 'like', 'fuck']",[],1,fear,"{'excitement': 0.0, 'happy': 0.0, 'pleasant': 0.0, 'surprise': 0.3, 'fear': 0.8, 'angry': 0.3}","{'polarity': -0.5, 'subjectivity': 0.6}",@KevBarNYC maybe he has a fever  😱 he's like fuck it!,1238588204518903813,
2687590499,false,finalized,3,3/14/2020 18:05:08,fear_negative_feeling,0.7602,Hope your son is ok! Of great concern is that Dutton played “Typhoid Mary” to PM and whole Cabinet but none of them see the need for testing!,Fri Mar 13 22:16:48 +0000 2020,"[0, 157]",['😱'],"['hope', 'son', 'ok', 'great', 'concern', 'dutton', 'play', 'typhoid', 'mary', 'pm', 'whole', 'cabinet', 'none', 'see', 'need', 'test']",[],1,fear,"{'excitement': 0.3070833333333333, 'happy': 0.3070833333333333, 'pleasant': 0.3070833333333333, 'surprise': 0.0, 'fear': 0.5, 'angry': 0.0}","{'polarity': 0.5583333333333333, 'subjectivity': 0.5499999999999999}",@cathywilcox1 Hope your son is ok! Of great concern is that Dutton played “Typhoid Mary” to PM and whole Cabinet but none of them see the need for testing! 😱,1238589855254208512,
2687590500,false,finalized,3,3/14/2020 17:58:07,fear_negative_feeling,1.0,Panic buying hit some stores in Chicago today.,Fri Mar 13 22:23:21 +0000 2020,"[0, 48]",['😱'],"['panic', 'buying', 'hit', 'store', 'chicago', 'today']",[],1,fear,"{'excitement': 0.0, 'happy': 0.0, 'pleasant': 0.0, 'surprise': 0.0, 'fear': 0.5, 'angry': 0.0}","{'polarity': 0.0, 'subjectivity': 0.0}",Panic buying hit some stores in Chicago today. 😱,1238591505104875521,
2687590501,false,finalized,3,3/14/2020 18:19:12,fear_negative_feeling,0.7056,Someone broke her back,Fri Mar 13 22:24:19 +0000 2020,"[0, 24]",['😱'],"['someone', 'break', 'back']",[],1,fear,"{'excitement': 0.0, 'happy': 0.0, 'pleasant': 0.0, 'surprise': 0.0, 'fear': 0.5, 'angry': 0.0}","{'polarity': 0.0, 'subjectivity': 0.0}",Someone broke her back 😱,1238591747363672064,
2687590502,false,finalized,3,3/14/2020 17:47:54,fear_negative_feeling,0.7388,That girl Emma took a bunch of Adderall and now she’s having a seizure #TheSinner,Fri Mar 13 22:25:22 +0000 2020,"[0, 108]",['😱'],"['girl', 'emma', 'take', 'bunch', 'adderall', 'seizure', 'thesinner']","[{'text': 'TheSinner', 'indices': [74, 84]}]",1,fear,"{'excitement': 0.0, 'happy': 0.0, 'pleasant': 0.0, 'surprise': 0.0, 'fear': 0.5, 'angry': 0.0}","{'polarity': 0.0, 'subjectivity': 0.0}",That girl Emma took a bunch of Adderall and now she’s having a seizure 😱  #TheSinner https://t.co/rNb2zJPgLc,1238592014729400320,
2687590503,false,finalized,3,3/14/2020 17:47:33,fear_negative_feeling,1.0,Be careful that’s how you summon DSP,Fri Mar 13 22:26:57 +0000 2020,"[0, 48]",['😱'],"['careful', 'summon', 'dsp']",[],1,fear,"{'excitement': 0.0, 'happy': 0.0, 'pleasant': 0.0, 'surprise': 0.1, 'fear': 0.6, 'angry': 0.1}","{'polarity': -0.1, 'subjectivity': 1.0}",@MatPatGT Be careful that’s how you summon DSP 😱,1238592410814464006,
2687590504,false,finalized,3,3/14/2020 17:56:45,fear_negative_feeling,1.0,"This is like a nightmare scenario in real life from every novel I've ever read about a spreading contagion, from Robin Cook, to Michael Crichton, to Stephen King.",Fri Mar 13 22:28:03 +0000 2020,"[0, 164]",['😱'],"['like', 'nightmare', 'scenario', 'real', 'life', 'every', 'novel', 'ever', 'read', 'spread', 'contagion', 'robin', 'cook', 'michael', 'crichton', 'stephen', 'king']",[],1,fear,"{'excitement': 0.06000000000000001, 'happy': 0.06000000000000001, 'pleasant': 0.06000000000000001, 'surprise': 0.0, 'fear': 0.5, 'angry': 0.0}","{'polarity': 0.2, 'subjectivity': 0.30000000000000004}","This is like a nightmare scenario in real life from every novel I've ever read about a spreading contagion, from Robin Cook, to Michael Crichton, to Stephen King. 😱",1238592689068703745,
2687590505,false,finalized,3,3/14/2020 17:48:58,surprise_negative_feeling,0.6487,This crazy wind. A tree top almost fell on my husband.,Fri Mar 13 22:28:26 +0000 2020,"[0, 80]",['😱'],"['crazy', 'wind', 'tree', 'top', 'almost', 'fell', 'husband']",[],1,fear,"{'excitement': 0.0, 'happy': 0.0, 'pleasant': 0.0, 'surprise': 0.03499999999999999, 'fear': 0.535, 'angry': 0.03499999999999999}","{'polarity': -0.04999999999999999, 'subjectivity': 0.7}",This crazy wind. A tree top almost fell on my husband. 😱 https://t.co/4uvf24Bjff,1238592782958096387,
2687590506,false,finalized,3,3/14/2020 18:05:08,fear_negative_feeling,0.634,What a bunch of clowns,Fri Mar 13 22:29:08 +0000 2020,"[0, 38]",['😱'],"['bunch', 'clown']",[],1,fear,"{'excitement': 0.0, 'happy': 0.0, 'pleasant': 0.0, 'surprise': 0.0, 'fear': 0.5, 'angry': 0.0}","{'polarity': 0.0, 'subjectivity': 0.0}",@PhilipRucker What a bunch of clowns 😱,1238592959291015170,
2687590507,false,finalized,3,3/14/2020 17:23:26,angry_negative_feeling,0.4113,They shut off an American journalist mic. doesn’t take responsibility nor does he know about the disbandment his own administration did w the WH pandemic team I don’t recognize this America I’m living in,Fri Mar 13 22:30:53 +0000 2020,"[0, 212]",['😱'],"['shut', 'american', 'journalist', 'mic', 'take', 'responsibility', 'know', 'disbandment', 'administration', 'w', 'wh', 'pandemic', 'team', 'recognize', 'america', 'living']",[],1,fear,"{'excitement': 0.15, 'happy': 0.15, 'pleasant': 0.15, 'surprise': 0.0, 'fear': 0.5, 'angry': 0.0}","{'polarity': 0.3, 'subjectivity': 0.5}",They shut off an American journalist mic. @POTUS doesn’t take responsibility nor does he know about the disbandment his own administration did w the WH pandemic team 😱 I don’t recognize this America I’m living in,1238593399835389952,
2687590508,false,finalized,3,3/14/2020 17:56:45,happy_positive_feeling,0.6744,Lovely.,Fri Mar 13 22:00:13 +0000 2020,"[0, 18]",['😁'],['lovely'],[],1,happy,"{'excitement': 0.375, 'happy': 0.875, 'pleasant': 0.375, 'surprise': 0.0, 'fear': 0.0, 'angry': 0.0}","{'polarity': 0.5, 'subjectivity': 0.75}",@jeszsio Lovely. 😁,1238585684727906307,
2687590509,false,finalized,3,3/14/2020 17:58:07,happy_positive_feeling,1.0,Enjoy.,Fri Mar 13 22:00:45 +0000 2020,"[0, 20]",['😁'],['enjoy'],[],1,happy,"{'excitement': 0.2, 'happy': 0.7, 'pleasant': 0.2, 'surprise': 0.0, 'fear': 0.0, 'angry': 0.0}","{'polarity': 0.4, 'subjectivity': 0.5}",@MarieAnnUK Enjoy. 😁,1238585817322397696,
2687590510,false,finalized,3,3/14/2020 18:19:12,happy_positive_feeling,0.3976,"Good day at club dallas! sucked 8 cocks, got 2 loads in me and 1 load on me. and fucked a load into a friend.",Fri Mar 13 22:01:24 +0000 2020,"[0, 111]",['😁'],"['good', 'day', 'club', 'dallas', 'suck', '8', 'cock', 'get', '2', 'load', '1', 'load', 'fuck', 'load', 'friend']",[],1,happy,"{'excitement': 0.08937500000000001, 'happy': 0.589375, 'pleasant': 0.08937500000000001, 'surprise': 0.0, 'fear': 0.0, 'angry': 0.0}","{'polarity': 0.1375, 'subjectivity': 0.65}","Good day at club dallas! sucked 8 cocks, got 2 loads in me and 1 load on me. and fucked a load into a friend. 😁",1238585982884118530,
2687590511,false,finalized,3,3/14/2020 18:16:12,happy_positive_feeling,0.7377,Thanks so much Matt!! I hope you have a brilliant weekend too!,Fri Mar 13 22:01:28 +0000 2020,"[0, 81]","['😄', '😁']","['thanks', 'much', 'matt', 'hope', 'brilliant', 'weekend']",[],1,happy,"{'excitement': 0.23527777777777775, 'happy': 1.2352777777777777, 'pleasant': 0.23527777777777775, 'surprise': 0.0, 'fear': 0.0, 'angry': 0.0}","{'polarity': 0.5041666666666667, 'subjectivity': 0.4666666666666666}",@JurassicGear3k 😄Thanks so much Matt!! I hope you have a brilliant weekend too! 😁,1238585999061590016,
2687590512,false,finalized,3,3/14/2020 18:05:08,happy_positive_feeling,0.7433,Enjoy your time bro,Fri Mar 13 22:01:54 +0000 2020,"[0, 36]",['😁'],"['enjoy', 'time', 'bro']",[],1,happy,"{'excitement': 0.2, 'happy': 0.7, 'pleasant': 0.2, 'surprise': 0.0, 'fear': 0.0, 'angry': 0.0}","{'polarity': 0.4, 'subjectivity': 0.5}",@TorreiraRvt69 Enjoy your time bro 😁,1238586105441722374,
2687590513,false,finalized,3,3/14/2020 17:25:22,happy_positive_feeling,1.0,So much new music I love it,Fri Mar 13 22:02:36 +0000 2020,"[0, 29]",['😁'],"['much', 'new', 'music', 'love']",[],1,happy,"{'excitement': 0.1677685950413223, 'happy': 0.6677685950413224, 'pleasant': 0.1677685950413223, 'surprise': 0.0, 'fear': 0.0, 'angry': 0.0}","{'polarity': 0.3181818181818182, 'subjectivity': 0.5272727272727272}",So much new music I love it 😁,1238586282059546624,
2687590514,false,finalized,3,3/14/2020 17:53:51,happy_positive_feeling,1.0,I’m so glad,Fri Mar 13 22:02:49 +0000 2020,"[0, 13]",['😁'],['glad'],[],1,happy,"{'excitement': 0.5, 'happy': 1.0, 'pleasant': 0.5, 'surprise': 0.0, 'fear': 0.0, 'angry': 0.0}","{'polarity': 0.5, 'subjectivity': 1.0}",I’m so glad 😁,1238586339844636672,
2687590515,false,finalized,3,3/14/2020 17:23:26,happy_positive_feeling,1.0,My wedding,Fri Mar 13 22:03:07 +0000 2020,"[0, 19]",['😁'],['wedding'],[],1,happy,"{'excitement': 0.0, 'happy': 0.5, 'pleasant': 0.0, 'surprise': 0.0, 'fear': 0.0, 'angry': 0.0}","{'polarity': 0.0, 'subjectivity': 0.0}",@volqx My wedding 😁,1238586411646963715,
2687590516,false,finalized,3,3/14/2020 17:56:45,happy_positive_feeling,0.6924,You’re welcome!,Fri Mar 13 22:03:30 +0000 2020,"[0, 32]",['😁'],['welcome'],[],1,happy,"{'excitement': 0.9, 'happy': 1.4, 'pleasant': 0.9, 'surprise': 0.0, 'fear': 0.0, 'angry': 0.0}","{'polarity': 1.0, 'subjectivity': 0.9}",@JohnnyLockson You’re welcome! 😁,1238586509873360897,
2687590517,false,finalized,3,3/14/2020 18:16:12,happy_positive_feeling,0.6148,i got a Costco card,Fri Mar 13 22:05:43 +0000 2020,"[0, 22]","['😁', '😁']","['get', 'costco', 'card']",[],1,happy,"{'excitement': 0.0, 'happy': 0.5, 'pleasant': 0.0, 'surprise': 0.0, 'fear': 0.0, 'angry': 0.0}","{'polarity': 0.0, 'subjectivity': 0.0}",😁😁 i got a Costco card,1238587069061935104,
2687590518,false,finalized,3,3/14/2020 17:23:29,happy_positive_feeling,0.7153,I love your optimism.,Fri Mar 13 22:07:24 +0000 2020,"[0, 34]",['😁'],"['love', 'optimism']",[],1,happy,"{'excitement': 0.3, 'happy': 0.8, 'pleasant': 0.3, 'surprise': 0.0, 'fear': 0.0, 'angry': 0.0}","{'polarity': 0.5, 'subjectivity': 0.6}",@MaryG0401 I love your optimism. 😁,1238587492095258626,
2687590519,false,finalized,3,3/14/2020 18:05:08,pleasant_positive_feeling,0.3942,i was almost 6 when i started crushing on her,Fri Mar 13 22:07:49 +0000 2020,"[0, 63]",['😁'],"['almost', '6', 'start', 'crush']",[],1,happy,"{'excitement': 0.36000000000000004, 'happy': 0.8600000000000001, 'pleasant': 0.36000000000000004, 'surprise': 0.0, 'fear': 0.0, 'angry': 0.0}","{'polarity': 0.4, 'subjectivity': 0.9}",@eternallyjoons i was almost 6 when i started crushing on her 😁,1238587598517526531,
2687590520,false,finalized,3,3/14/2020 17:58:07,pleasant_positive_feeling,0.4027,Sometimes that happens,Fri Mar 13 22:08:08 +0000 2020,"[0, 32]",['😁'],"['sometimes', 'happen']",[],1,happy,"{'excitement': 0.0, 'happy': 0.5, 'pleasant': 0.0, 'surprise': 0.0, 'fear': 0.0, 'angry': 0.0}","{'polarity': 0.0, 'subjectivity': 0.0}",@jeje66 Sometimes that happens 😁,1238587677999595521,
2687590521,false,finalized,3,3/14/2020 18:19:12,happy_positive_feeling,0.3791,im glad that u do,Fri Mar 13 22:08:19 +0000 2020,"[0, 33]",['😁'],"['glad', 'u']",[],1,happy,"{'excitement': 0.5, 'happy': 1.0, 'pleasant': 0.5, 'surprise': 0.0, 'fear': 0.0, 'angry': 0.0}","{'polarity': 0.5, 'subjectivity': 1.0}",@moonrespecct im glad that u do 😁,1238587721003696128,
2687590522,false,finalized,3,3/14/2020 17:23:29,happy_positive_feeling,0.3624,Still and New Angel are my faves from Niall's new album #HeartbreakWeather Which one's your favorite?,Fri Mar 13 22:08:30 +0000 2020,"[0, 104]",['😁'],"['still', 'new', 'angel', 'faves', 'niall', 'new', 'album', 'heartbreakweather', 'one', 'favorite']","[{'text': 'HeartbreakWeather', 'indices': [56, 74]}]",1,happy,"{'excitement': 0.16391184573002754, 'happy': 0.6639118457300275, 'pleasant': 0.16391184573002754, 'surprise': 0.0, 'fear': 0.0, 'angry': 0.0}","{'polarity': 0.25757575757575757, 'subjectivity': 0.6363636363636364}",Still and New Angel are my faves from Niall's new album #HeartbreakWeather  😁 Which one's your favorite?,1238587766683971585,
2687590523,false,finalized,3,3/14/2020 17:23:26,happy_positive_feeling,0.6935,This is a hit 🤣,Fri Mar 13 22:09:05 +0000 2020,"[0, 18]","['🎶', '💯', '😂', '🤣']",['hit'],[],1,happy,"{'excitement': 0.0, 'happy': 0.5, 'pleasant': 0.0, 'surprise': 0.0, 'fear': 0.0, 'angry': 0.0}","{'polarity': 0.0, 'subjectivity': 0.0}",This is a hit 🎶💯😂🤣,1238587915816460289,
2687590524,false,finalized,3,3/14/2020 18:05:08,pleasant_positive_feeling,0.3942,Good luck! I hope you get it.,Fri Mar 13 22:09:19 +0000 2020,"[0, 42]",['😁'],"['good', 'luck', 'hope', 'get']",[],1,happy,"{'excitement': 0.5250000000000001, 'happy': 1.0250000000000001, 'pleasant': 0.5250000000000001, 'surprise': 0.0, 'fear': 0.0, 'angry': 0.0}","{'polarity': 0.875, 'subjectivity': 0.6000000000000001}",@Ithildyn Good luck!  I hope you get it. 😁,1238587972993183745,
2687590525,false,finalized,3,3/14/2020 17:23:29,happy_positive_feeling,1.0,I ️ Freaky Friday,Fri Mar 13 22:09:56 +0000 2020,"[0, 20]","['❤', '😁']","['freaky', 'friday']",[],1,happy,"{'excitement': 0.0, 'happy': 1.0, 'pleasant': 0.0, 'surprise': 0.0, 'fear': 0.0, 'angry': 0.0}","{'polarity': 0.0, 'subjectivity': 0.0}",I ❤️ Freaky Friday 😁,1238588130925649921,
2687590526,false,finalized,3,3/14/2020 17:51:24,happy_positive_feeling,0.6529,Yeah I enjoy his style so much! He's already a hall of famer to me,Fri Mar 13 22:12:56 +0000 2020,"[0, 78]",['😁'],"['yeah', 'enjoy', 'style', 'much', 'already', 'hall', 'famer']",[],1,happy,"{'excitement': 0.11374999999999999, 'happy': 0.61375, 'pleasant': 0.11374999999999999, 'surprise': 0.0, 'fear': 0.0, 'angry': 0.0}","{'polarity': 0.325, 'subjectivity': 0.35}",@IliottGg Yeah I enjoy his style so much! He's already a hall of famer to me 😁,1238588883044089858,
2687590527,false,finalized,3,3/14/2020 18:16:12,happy_positive_feeling,0.7377,"Love a good, ‘happy cry’.",Fri Mar 13 22:13:10 +0000 2020,"[0, 28]",['😁'],"['love', 'good', 'happy', 'cry']",[],1,happy,"{'excitement': 0.48888888888888893, 'happy': 0.9888888888888889, 'pleasant': 0.48888888888888893, 'surprise': 0.0, 'fear': 0.0, 'angry': 0.0}","{'polarity': 0.6666666666666666, 'subjectivity': 0.7333333333333334}","Love a good, ‘happy cry’.  😁",1238588943177781254,
2687590528,false,finalized,3,3/14/2020 17:49:00,pleasant_positive_feeling,0.6655,"Thanks Mr. Poe, see you soon",Fri Mar 13 22:01:12 +0000 2020,"[0, 39]",['😊'],"['thanks', 'poe', 'see', 'soon']",[],1,pleasant,"{'excitement': 0.04000000000000001, 'happy': 0.04000000000000001, 'pleasant': 0.54, 'surprise': 0.0, 'fear': 0.0, 'angry': 0.0}","{'polarity': 0.2, 'subjectivity': 0.2}","@WadeJo8 Thanks Mr. Poe, see you soon 😊",1238585933127208966,
2687590529,false,finalized,3,3/14/2020 18:05:08,pleasant_positive_feeling,0.3942,Good morning failure I mean good morning self,Fri Mar 13 22:01:45 +0000 2020,"[0, 47]",['😊'],"['good', 'morning', 'failure', 'mean', 'good', 'morning', 'self']",[],1,pleasant,"{'excitement': 0.10538736979166666, 'happy': 0.10538736979166666, 'pleasant': 0.6053873697916666, 'surprise': 0.0, 'fear': 0.0, 'angry': 0.0}","{'polarity': 0.19270833333333331, 'subjectivity': 0.546875}",Good morning failure I mean good morning self 😊,1238586068359712769,
2687590530,false,finalized,3,3/14/2020 18:19:12,pleasant_positive_feeling,0.6582,Enjoy your weekend,Fri Mar 13 22:01:48 +0000 2020,"[0, 30]",['😊'],"['enjoy', 'weekend']",[],1,pleasant,"{'excitement': 0.2, 'happy': 0.2, 'pleasant': 0.7, 'surprise': 0.0, 'fear': 0.0, 'angry': 0.0}","{'polarity': 0.4, 'subjectivity': 0.5}",@timmyvoe Enjoy your weekend 😊,1238586084080181248,
2687590531,false,finalized,3,3/14/2020 17:47:34,pleasant_positive_feeling,0.6596,"Yep, all good with me thank you mate! Hope all is well with you?",Fri Mar 13 22:02:03 +0000 2020,"[0, 78]",['😊'],"['yep', 'good', 'thank', 'mate', 'hope', 'well']",[],1,pleasant,"{'excitement': 0.5250000000000001, 'happy': 0.5250000000000001, 'pleasant': 1.0250000000000001, 'surprise': 0.0, 'fear': 0.0, 'angry': 0.0}","{'polarity': 0.875, 'subjectivity': 0.6000000000000001}","@ashleycox2 Yep, all good with me thank you mate! Hope all is well with you? 😊",1238586146646568964,
2687590532,false,finalized,3,3/14/2020 17:58:07,happy_positive_feeling,0.7047,I guess I am doing alright,Fri Mar 13 22:05:26 +0000 2020,"[0, 56]",['😊'],"['guess', 'alright']",[],1,pleasant,"{'excitement': 0.0, 'happy': 0.0, 'pleasant': 0.5, 'surprise': 0.0, 'fear': 0.0, 'angry': 0.0}","{'polarity': 0.0, 'subjectivity': 0.0}",@JaneDaisyPain @doggydelish I guess I am doing alright 😊,1238586998337818624,
2687590533,false,finalized,3,3/14/2020 18:19:12,happy_positive_feeling,0.3719,Oh dear ️ hope all is well with you too!,Fri Mar 13 22:05:29 +0000 2020,"[0, 55]","['☹', '😊']","['oh', 'dear', 'hope', 'well']",[],1,pleasant,"{'excitement': 0.0, 'happy': 0.0, 'pleasant': 0.5, 'surprise': 0.0, 'fear': 0.0, 'angry': 0.0}","{'polarity': 0.0, 'subjectivity': 0.0}",@Braddlepot Oh dear ☹️ hope all is well with you too! 😊,1238587010052435974,
2687590534,false,finalized,3,3/14/2020 17:47:54,pleasant_positive_feeling,0.7388,It was beautiful in the California beach,Fri Mar 13 22:05:49 +0000 2020,"[0, 66]",['😊'],"['beautiful', 'california', 'beach']",[],1,pleasant,"{'excitement': 0.85, 'happy': 0.85, 'pleasant': 1.35, 'surprise': 0.0, 'fear': 0.0, 'angry': 0.0}","{'polarity': 0.85, 'subjectivity': 1.0}",It was beautiful in the California beach 😊 https://t.co/TcfepZ1LCF,1238587094458654722,
2687590535,false,finalized,3,3/14/2020 17:47:34,pleasant_positive_feeling,0.6772,Tsubasa is so sweet I love my son,Fri Mar 13 22:06:51 +0000 2020,"[0, 35]",['😊'],"['tsubasa', 'sweet', 'love', 'son']",[],1,pleasant,"{'excitement': 0.265625, 'happy': 0.265625, 'pleasant': 0.765625, 'surprise': 0.0, 'fear': 0.0, 'angry': 0.0}","{'polarity': 0.425, 'subjectivity': 0.625}",Tsubasa is so sweet I love my son 😊,1238587352336957440,
2687590536,false,finalized,3,3/14/2020 17:49:00,pleasant_positive_feeling,0.7196,That's good to hear,Fri Mar 13 22:06:57 +0000 2020,"[0, 35]",['😊'],"['good', 'hear']",[],1,pleasant,"{'excitement': 0.42000000000000004, 'happy': 0.42000000000000004, 'pleasant': 0.92, 'surprise': 0.0, 'fear': 0.0, 'angry': 0.0}","{'polarity': 0.7, 'subjectivity': 0.6000000000000001}",@KellyInStars That's good to hear 😊,1238587377976627200,
2687590537,false,finalized,3,3/14/2020 17:21:16,pleasant_positive_feeling,0.6667,Having a very horny Friday today! Third cumming in a row! Cum just keep dripping down my mushroom tip! 🤣 Have a great day and weekend everyone! #dick #horny #cock #precum #cumshot #cum #bigtip #naughtyboy #hornyguy #virgin #virgindick #hornyvirgin,Fri Mar 13 22:07:09 +0000 2020,"[0, 275]","['😋', '🤣', '😊']","['horny', 'friday', 'today', 'third', 'cumming', 'row', 'cum', 'keep', 'drip', 'mushroom', 'tip', 'great', 'day', 'weekend', 'everyone', 'dick', 'horny', 'cock', 'precum', 'cumshot', 'cum', 'bigtip', 'naughtyboy', 'hornyguy', 'virgin', 'virgindick', 'hornyvirgin']","[{'text': 'dick', 'indices': [148, 153]}, {'text': 'horny', 'indices': [154, 160]}, {'text': 'cock', 'indices': [161, 166]}, {'text': 'precum', 'indices': [167, 174]}, {'text': 'cumshot', 'indices': [175, 183]}, {'text': 'cum', 'indices': [184, 188]}, {'text': 'bigtip', 'indices': [189, 196]}, {'text': 'naughtyboy', 'indices': [197, 208]}, {'text': 'hornyguy', 'indices': [209, 218]}, {'text': 'virgin', 'indices': [219, 226]}, {'text': 'virgindick', 'indices': [227, 238]}, {'text': 'hornyvirgin', 'indices': [239, 251]}]",1,pleasant,"{'excitement': 0.08832947530864199, 'happy': 0.08832947530864199, 'pleasant': 0.588329475308642, 'surprise': 0.0, 'fear': 0.0, 'angry': 0.0}","{'polarity': 0.2638888888888889, 'subjectivity': 0.33472222222222225}",Having a very horny Friday today! 😋 Third cumming in a row! Cum just keep dripping down my mushroom tip! 🤣 Have a great day and weekend everyone! 😊 #dick #horny #cock #precum #cumshot #cum #bigtip #naughtyboy #hornyguy #virgin #virgindick #hornyvirgin https://t.co/NdSps8EC4A,1238587426664321024,
2687590538,false,finalized,3,3/14/2020 17:58:07,pleasant_positive_feeling,0.6026,Blessed to be given another day to live,Fri Mar 13 22:08:23 +0000 2020,"[0, 41]",['😊'],"['bless', 'give', 'another', 'day', 'live']",[],1,pleasant,"{'excitement': 0.06818181818181818, 'happy': 0.06818181818181818, 'pleasant': 0.5681818181818181, 'surprise': 0.0, 'fear': 0.0, 'angry': 0.0}","{'polarity': 0.13636363636363635, 'subjectivity': 0.5}",Blessed to be given another day to live 😊,1238587738053459968,
2687590539,false,finalized,3,3/14/2020 17:19:26,pleasant_positive_feeling,0.3643,Bought the last loaf of bread. No worries restock is Tomorrow,Fri Mar 13 22:08:49 +0000 2020,"[0, 87]",['😊'],"['buy', 'last', 'loaf', 'bread', 'worry', 'restock', 'tomorrow']",[],1,pleasant,"{'excitement': 0.0, 'happy': 0.0, 'pleasant': 0.5, 'surprise': 0.0, 'fear': 0.0, 'angry': 0.0}","{'polarity': 0.0, 'subjectivity': 0.06666666666666667}",Bought the last loaf of bread. No worries restock is Tomorrow 😊 https://t.co/H233kqUKqe,1238587847751241728,
2687590540,false,finalized,3,3/14/2020 17:47:47,pleasant_positive_feeling,1.0,I’m going to the beach,Fri Mar 13 22:08:53 +0000 2020,"[0, 24]",['😊'],"['go', 'beach']",[],1,pleasant,"{'excitement': 0.0, 'happy': 0.0, 'pleasant': 0.5, 'surprise': 0.0, 'fear': 0.0, 'angry': 0.0}","{'polarity': 0.0, 'subjectivity': 0.0}",I’m going to the beach 😊,1238587863555551232,
2687590541,false,finalized,3,3/14/2020 17:17:29,pleasant_positive_feeling,0.6828,You’re such a great leader.,Fri Mar 13 22:09:12 +0000 2020,"[0, 50]","['👍', '🏽', '🙏', '🏽', '😊']","['great', 'leader']",[],1,pleasant,"{'excitement': 0.25, 'happy': 0.25, 'pleasant': 0.75, 'surprise': 0.0, 'fear': 0.0, 'angry': 0.0}","{'polarity': 0.4, 'subjectivity': 0.625}",@BernieSanders You’re such a great 👍🏽 leader. 🙏🏽 😊,1238587945415634945,
2687590542,false,finalized,3,3/14/2020 18:19:12,pleasant_positive_feeling,0.6522,Tie me up like that.,Fri Mar 13 22:09:12 +0000 2020,"[0, 22]",['😊'],"['tie', 'like']",[],1,pleasant,"{'excitement': 0.0, 'happy': 0.0, 'pleasant': 0.5, 'surprise': 0.0, 'fear': 0.0, 'angry': 0.0}","{'polarity': 0.0, 'subjectivity': 0.0}",Tie me up like that. 😊,1238587945306767361,
2687590543,false,finalized,3,3/14/2020 17:49:00,pleasant_positive_feeling,1.0,Camomile tea and scented candles Coronavirus whomst?,Fri Mar 13 22:09:23 +0000 2020,"[0, 78]",['😊'],"['camomile', 'tea', 'scent', 'candle', 'coronavirus', 'whomst']",[],1,pleasant,"{'excitement': 0.0, 'happy': 0.0, 'pleasant': 0.5, 'surprise': 0.0, 'fear': 0.0, 'angry': 0.0}","{'polarity': 0.0, 'subjectivity': 0.0}",Camomile tea and scented candles 😊 Coronavirus whomst? https://t.co/4Y8vqZlEwY,1238587992501075968,
2687590544,false,finalized,3,3/14/2020 17:53:51,pleasant_positive_feeling,0.6951,I've already registered! Thanks tho mum naz,Fri Mar 13 22:10:03 +0000 2020,"[0, 70]",['😊'],"['already', 'register', 'thanks', 'tho', 'mum', 'naz']",[],1,pleasant,"{'excitement': 0.04000000000000001, 'happy': 0.04000000000000001, 'pleasant': 0.54, 'surprise': 0.0, 'fear': 0.0, 'angry': 0.0}","{'polarity': 0.2, 'subjectivity': 0.2}",@InazMokhtar @MirzaHariz I've already registered! Thanks tho mum naz 😊,1238588158473838595,
2687590545,false,finalized,3,3/14/2020 17:48:58,pleasant_positive_feeling,1.0,I love how calming your space is,Fri Mar 13 22:10:20 +0000 2020,"[0, 50]",['😊'],"['love', 'calm', 'space']",[],1,pleasant,"{'excitement': 0.3, 'happy': 0.3, 'pleasant': 0.8, 'surprise': 0.0, 'fear': 0.0, 'angry': 0.0}","{'polarity': 0.5, 'subjectivity': 0.6}",@hellabellatats I love how calming your space is 😊,1238588228657197062,
2687590546,false,finalized,3,3/14/2020 17:23:29,pleasant_positive_feeling,0.3624,Pretty smile,Fri Mar 13 22:12:58 +0000 2020,"[0, 31]",['😊'],"['pretty', 'smile']",[],1,pleasant,"{'excitement': 0.15125000000000002, 'happy': 0.15125000000000002, 'pleasant': 0.65125, 'surprise': 0.0, 'fear': 0.0, 'angry': 0.0}","{'polarity': 0.275, 'subjectivity': 0.55}",@R_X_Sarsparilla Pretty smile 😊,1238588891394740227,
2687590547,false,finalized,3,3/14/2020 17:56:45,pleasant_positive_feeling,1.0,Same! I’m glad I got to see your pretty face,Fri Mar 13 22:15:10 +0000 2020,"[0, 57]",['😊'],"['glad', 'get', 'see', 'pretty', 'face']",[],1,pleasant,"{'excitement': 0.17708333333333334, 'happy': 0.17708333333333334, 'pleasant': 0.6770833333333334, 'surprise': 0.0, 'fear': 0.0, 'angry': 0.0}","{'polarity': 0.25, 'subjectivity': 0.7083333333333334}",@macyyamos Same! I’m glad I got to see your pretty face 😊,1238589448113266689,
2687590548,false,finalized,3,3/14/2020 17:53:51,surprise_negative_feeling,1.0,Schools closed for a month,Fri Mar 13 21:58:13 +0000 2020,"[0, 28]",['😳'],"['school', 'close', 'month']",[],1,surprise,"{'excitement': 0.0, 'happy': 0.0, 'pleasant': 0.0, 'surprise': 0.51, 'fear': 0.010000000000000002, 'angry': 0.010000000000000002}","{'polarity': -0.1, 'subjectivity': 0.1}",Schools closed for a month 😳,1238585180027121664,
2687590549,false,finalized,3,3/14/2020 17:25:22,surprise_negative_feeling,0.6892,My wife’s school just closed for a month ! Holy shit .. #coronapocalypse,Fri Mar 13 22:00:13 +0000 2020,"[0, 74]",['😳'],"['wife', 'school', 'close', 'month', 'holy', 'shit', 'coronapocalypse']","[{'text': 'coronapocalypse', 'indices': [58, 74]}]",1,surprise,"{'excitement': 0.0, 'happy': 0.0, 'pleasant': 0.0, 'surprise': 0.573125, 'fear': 0.07312500000000001, 'angry': 0.07312500000000001}","{'polarity': -0.1625, 'subjectivity': 0.45}",My wife’s school just closed for a month ! Holy shit .. 😳 #coronapocalypse,1238585683230494721,
2687590550,false,finalized,3,3/14/2020 17:18:09,surprise_negative_feeling,0.6828,In the last five days I have worked 61 hours #socialwork,Fri Mar 13 22:01:37 +0000 2020,"[0, 58]",['😳'],"['last', 'five', 'day', 'work', '61', 'hour', 'socialwork']","[{'text': 'socialwork', 'indices': [45, 56]}]",1,surprise,"{'excitement': 0.0, 'happy': 0.0, 'pleasant': 0.0, 'surprise': 0.5, 'fear': 0.0, 'angry': 0.0}","{'polarity': 0.0, 'subjectivity': 0.06666666666666667}",In the last five days I have worked 61 hours #socialwork 😳,1238586034717368322,
2687590551,false,finalized,3,3/14/2020 17:48:58,surprise_negative_feeling,0.6813,my MacBook really decides it wants to stop working once my classes/finals are online.,Fri Mar 13 22:02:45 +0000 2020,"[0, 87]",['😳'],"['macbook', 'really', 'decide', 'want', 'stop', 'work', 'class', 'final', 'online']",[],1,surprise,"{'excitement': 0.030000000000000006, 'happy': 0.030000000000000006, 'pleasant': 0.030000000000000006, 'surprise': 0.5, 'fear': 0.0, 'angry': 0.0}","{'polarity': 0.2, 'subjectivity': 0.15000000000000002}",my MacBook really decides it wants to stop working once my classes/finals are online. 😳,1238586322727493632,
2687590552,false,finalized,3,3/14/2020 17:48:58,angry_negative_feeling,0.6487,"WTF is this crazy man going on about the flu &amp; is that lube on his right palm??? Seriously, is this jerkin for Jesus. OMG",Fri Mar 13 22:05:54 +0000 2020,"[0, 127]",['😳'],"['wtf', 'crazy', 'man', 'go', 'flu', 'amp', 'lube', 'right', 'palm', 'seriously', 'jerkin', 'jesus', 'omg']",[],1,surprise,"{'excitement': 0.0, 'happy': 0.0, 'pleasant': 0.0, 'surprise': 0.7225219671201815, 'fear': 0.2225219671201814, 'angry': 0.2225219671201814}","{'polarity': -0.28690476190476194, 'subjectivity': 0.775595238095238}","WTF is this crazy man going on about the flu &amp; is that lube on his right palm??? Seriously, is this jerkin for Jesus. OMG 😳",1238587113555312640,
2687590553,false,finalized,3,3/14/2020 17:49:00,surprise_negative_feeling,0.6794,"School’s are out for four weeks, behind this Virus 🦠 OMG",Fri Mar 13 22:05:59 +0000 2020,"[0, 58]","['🦠', '😳']","['school', 'four', 'week', 'behind', 'virus', 'omg']",[],1,surprise,"{'excitement': 0.0, 'happy': 0.0, 'pleasant': 0.0, 'surprise': 0.78, 'fear': 0.27999999999999997, 'angry': 0.27999999999999997}","{'polarity': -0.4, 'subjectivity': 0.7}","School’s are out for four weeks, behind this Virus 🦠 OMG 😳",1238587133528543234,
2687590554,false,finalized,3,3/14/2020 17:29:40,surprise_negative_feeling,0.4434,i feel incredibly gay lately why is that,Fri Mar 13 22:07:46 +0000 2020,"[0, 42]",['😳'],"['feel', 'incredibly', 'gay', 'lately']",[],1,surprise,"{'excitement': 0.0345138888888889, 'happy': 0.0345138888888889, 'pleasant': 0.0345138888888889, 'surprise': 0.5, 'fear': 0.0, 'angry': 0.0}","{'polarity': 0.05833333333333335, 'subjectivity': 0.5916666666666667}",i feel incredibly gay lately why is that 😳,1238587582662967301,
2687590555,false,finalized,3,3/14/2020 17:47:54,surprise_negative_feeling,1.0,How many do you get sent ?,Fri Mar 13 22:08:14 +0000 2020,"[0, 40]",['😳'],"['many', 'get', 'send']",[],1,surprise,"{'excitement': 0.25, 'happy': 0.25, 'pleasant': 0.25, 'surprise': 0.5, 'fear': 0.0, 'angry': 0.0}","{'polarity': 0.5, 'subjectivity': 0.5}",@geocon1713 How many do you get sent ? 😳,1238587702645264384,
2687590556,false,finalized,3,3/14/2020 17:49:00,surprise_negative_feeling,0.7119,i should stop doing my eyebrows and walk out w them half shaved they kinda .. cute like this,Fri Mar 13 22:09:00 +0000 2020,"[0, 94]",['😳'],"['stop', 'eyebrow', 'walk', 'w', 'half', 'shaved', 'kinda', 'cute', 'like']",[],1,surprise,"{'excitement': 0.09722222222222224, 'happy': 0.09722222222222224, 'pleasant': 0.09722222222222224, 'surprise': 0.5, 'fear': 0.0, 'angry': 0.0}","{'polarity': 0.16666666666666669, 'subjectivity': 0.5833333333333334}",i should stop doing my eyebrows and walk out w them half shaved they kinda .. cute like this 😳,1238587896187064320,
2687590557,false,finalized,3,3/14/2020 18:16:12,angry_negative_feeling,0.7377,Some how Twitter doesn’t ban this. Threatening and wishing Ill on people is a clear violation of their policy. This guy is a vile and sick member of the Kansas Democratic Party. should condemn this. But she will -as always- sit silent. #sad,Fri Mar 13 22:09:39 +0000 2020,"[0, 256]",[],"['twitter', 'ban', 'threatening', 'wish', 'ill', 'people', 'clear', 'violation', 'policy', 'guy', 'vile', 'sick', 'member', 'kansa', 'democratic', 'party', 'condemn', 'sit', 'silent', 'sad']","[{'text': 'sad', 'indices': [252, 256]}]",1,surprise,"{'excitement': 0.0, 'happy': 0.0, 'pleasant': 0.0, 'surprise': 1.2156993197278911, 'fear': 0.21569931972789114, 'angry': 0.21569931972789114}","{'polarity': -0.32285714285714284, 'subjectivity': 0.6680952380952381}",Some how Twitter doesn’t ban this. Threatening and wishing Ill on people is a clear violation of their policy. This guy is a vile and sick member of the Kansas Democratic Party. @BarbaraBollier should condemn this. But she will -as always- sit silent. #sad,1238588057852485638,
2687590558,false,finalized,3,3/14/2020 17:58:07,surprise_negative_feeling,0.7047,You look have coronavirus,Fri Mar 13 22:09:49 +0000 2020,"[0, 44]",['😳'],"['look', 'coronavirus']",[],1,surprise,"{'excitement': 0.0, 'happy': 0.0, 'pleasant': 0.0, 'surprise': 0.5, 'fear': 0.0, 'angry': 0.0}","{'polarity': 0.0, 'subjectivity': 0.0}",@realDonaldTrump You look have coronavirus 😳,1238588101540433921,
2687590559,false,finalized,3,3/14/2020 17:23:26,surprise_negative_feeling,0.7177,My school just got closed for 3 weeks,Fri Mar 13 22:09:57 +0000 2020,"[0, 39]",['😳'],"['school', 'get', 'close', '3', 'week']",[],1,surprise,"{'excitement': 0.0, 'happy': 0.0, 'pleasant': 0.0, 'surprise': 0.51, 'fear': 0.010000000000000002, 'angry': 0.010000000000000002}","{'polarity': -0.1, 'subjectivity': 0.1}",My school just got closed for 3 weeks 😳,1238588134230642688,
2687590560,false,finalized,3,3/14/2020 18:16:12,surprise_negative_feeling,0.3852,school do be canceled for a month doe,Fri Mar 13 22:10:07 +0000 2020,"[0, 42]","['😳', '👉', '👈']","['school', 'cancel', 'month', 'doe']",[],1,surprise,"{'excitement': 0.0, 'happy': 0.0, 'pleasant': 0.0, 'surprise': 0.5, 'fear': 0.0, 'angry': 0.0}","{'polarity': 0.0, 'subjectivity': 0.0}","school do be canceled for a month doe 😳
👉👈",1238588176672808960,
2687590561,false,finalized,3,3/14/2020 17:49:00,surprise_negative_feeling,0.6923,Holy shit. The governor of WI made the decision to close all schools until at least April 6 because of COVID-19.. guess I'm out of a job for a couple weeks,Fri Mar 13 22:10:15 +0000 2020,"[0, 157]",['😳'],"['holy', 'shit', 'governor', 'wi', 'make', 'decision', 'close', 'school', 'least', 'april', '6', 'guess', 'job', 'couple', 'week']",[],1,surprise,"{'excitement': 0.0, 'happy': 0.0, 'pleasant': 0.0, 'surprise': 0.65, 'fear': 0.15000000000000002, 'angry': 0.15000000000000002}","{'polarity': -0.25, 'subjectivity': 0.6000000000000001}",Holy shit. The governor of WI made the decision to close all schools until at least April 6 because of COVID-19.. guess I'm out of a job for a couple weeks 😳,1238588208235020288,
2687590562,false,finalized,3,3/14/2020 18:19:12,surprise_negative_feeling,0.3976,I’m posting in like 15min?? I hope you guys are as excited to see some Chuie work as I am,Fri Mar 13 22:10:30 +0000 2020,"[0, 91]",['😳'],"['post', 'like', 'hope', 'guy', 'excited', 'see', 'chuie', 'work']",[],1,surprise,"{'excitement': 0.28125, 'happy': 0.28125, 'pleasant': 0.28125, 'surprise': 0.5, 'fear': 0.0, 'angry': 0.0}","{'polarity': 0.375, 'subjectivity': 0.75}",I’m posting in like 15min?? 😳 I hope you guys are as excited to see some Chuie work as I am,1238588271321645058,
2687590563,false,finalized,3,3/14/2020 17:49:00,surprise_negative_feeling,1.0,"Because of the coronavirus, my uni will be closed until further notice, it means today was my last day with people i spent the last 3 years with, and i'm having a breakdown over how fast it went, how great it was and how much i've changed during that span of time",Fri Mar 13 22:13:43 +0000 2020,"[0, 289]",['😳'],"['coronavirus', 'uni', 'close', 'notice', 'mean', 'today', 'last', 'day', 'people', 'spend', 'last', '3', 'year', 'breakdown', 'fast', 'go', 'great', 'much', 'change', 'span', 'time']",[],1,surprise,"{'excitement': 0.03723958333333333, 'happy': 0.03723958333333333, 'pleasant': 0.03723958333333333, 'surprise': 0.5, 'fear': 0.0, 'angry': 0.0}","{'polarity': 0.125, 'subjectivity': 0.29791666666666666}","Because of the coronavirus, my uni will be closed until further notice, it means today was my last day with people i spent the last 3 years with, and i'm having a breakdown over how fast it went, how great it was and how much i've changed during that span of time 😳 https://t.co/jkUrgmMvvS",1238589083334696962,
2687590564,false,finalized,3,3/14/2020 18:16:12,fear_negative_feeling,0.3852,uhhh stolen cause i’m bored like for an indirect,Fri Mar 13 22:14:22 +0000 2020,"[0, 52]",['😳'],"['uhhh', 'steal', 'cause', 'bore', 'like', 'indirect']",[],1,surprise,"{'excitement': 0.0, 'happy': 0.0, 'pleasant': 0.0, 'surprise': 1.0, 'fear': 0.5, 'angry': 0.5}","{'polarity': -0.5, 'subjectivity': 1.0}","uhhh stolen cause i’m bored 

like for an indirect 😳",1238589246849585153,
2687590565,false,finalized,3,3/14/2020 17:23:26,fear_negative_feeling,1.0,I rlly do be showing symptoms of coronavirus doe ..,Fri Mar 13 22:14:41 +0000 2020,"[0, 53]",['😳'],"['rlly', 'show', 'symptom', 'coronavirus', 'doe']",[],1,surprise,"{'excitement': 0.0, 'happy': 0.0, 'pleasant': 0.0, 'surprise': 0.5, 'fear': 0.0, 'angry': 0.0}","{'polarity': 0.0, 'subjectivity': 0.0}",I rlly do be showing symptoms of coronavirus doe .. 😳,1238589324637192196,
2687590566,false,finalized,3,3/14/2020 17:53:51,surprise_negative_feeling,0.6584,"98% baby this is almost accurate, except that I'm 100% horny for eren.",Fri Mar 13 22:14:56 +0000 2020,"[0, 97]",['😳'],"['98', 'baby', 'almost', 'accurate', 'except', '100', 'horny', 'eren']",[],1,surprise,"{'excitement': 0.2533333333333334, 'happy': 0.2533333333333334, 'pleasant': 0.2533333333333334, 'surprise': 0.5, 'fear': 0.0, 'angry': 0.0}","{'polarity': 0.4000000000000001, 'subjectivity': 0.6333333333333334}","98% baby 😳

this is almost accurate, except that I'm 100% horny for eren. https://t.co/Kxvw2chNWe",1238589386293497858,
2687590567,false,finalized,3,3/14/2020 18:16:12,surprise_negative_feeling,0.7433,I jus remembered I woke up at 1am and ate a chocolate Twinkie,Fri Mar 13 22:15:16 +0000 2020,"[0, 63]",['😳'],"['jus', 'remember', 'wake', '1', 'eat', 'chocolate', 'twinkie']",[],1,surprise,"{'excitement': 0.0, 'happy': 0.0, 'pleasant': 0.0, 'surprise': 0.5, 'fear': 0.0, 'angry': 0.0}","{'polarity': 0.0, 'subjectivity': 0.0}",I jus remembered I woke up at 1am and ate a chocolate Twinkie 😳,1238589471517368320,
