,tweet_id,created_at,text,display_text_range,clean_text,filtered_text,hashtags,emoji,sentiment,scores,label,keep
0,1241008811420180482,Fri Mar 20 14:28:52 +0000 2020,@decafsuckz @cruiser96 @UNCBearsWrestle @troy_nickerson This is the kind of twitter content I can get behind this morning! 😁 https://t.co/RAxKQQAcJP,"[0, 148]",This is the kind of twitter content I can get behind this morning!,"['kind', 'twitter', 'content', 'get', 'behind', 'morning']",[],['😁'],"{'polarity': 0.04999999999999999, 'subjectivity': 0.8}","{'excitement': 0.039999999999999994, 'happy': 0.54, 'pleasant': 0.039999999999999994, 'surprise': 0.0, 'fear': 0.0, 'angry': 0.0}",happy,1
1,1241008824749682688,Fri Mar 20 14:28:55 +0000 2020,@bestboyhoshi lexisaturtle 😁,"[0, 28]",lexisaturtle,['lexisaturtle'],[],['😁'],"{'polarity': 0.0, 'subjectivity': 0.0}","{'excitement': 0.0, 'happy': 0.5, 'pleasant': 0.0, 'surprise': 0.0, 'fear': 0.0, 'angry': 0.0}",happy,1
2,1241008827924803584,Fri Mar 20 14:28:56 +0000 2020,I'm counting to 10 😁,"[0, 20]",I'm counting to 10,"['count', '10']",[],['😁'],"{'polarity': 0.0, 'subjectivity': 0.0}","{'excitement': 0.0, 'happy': 0.5, 'pleasant': 0.0, 'surprise': 0.0, 'fear': 0.0, 'angry': 0.0}",happy,1
3,1241008830160519170,Fri Mar 20 14:28:56 +0000 2020,@AidenHatfield Aww lovely I can't wait to hear it 😁 xxx,"[0, 55]",Aww lovely I can't wait to hear it xxx,"['aww', 'lovely', 'ca', 'wait', 'hear', 'xxx']",[],['😁'],"{'polarity': 0.4, 'subjectivity': 0.825}","{'excitement': 0.33, 'happy': 0.8300000000000001, 'pleasant': 0.33, 'surprise': 0.0, 'fear': 0.0, 'angry': 0.0}",happy,1
4,1241008832802951168,Fri Mar 20 14:28:57 +0000 2020,@MaidenSarah1 @sincesixaneagle Amazing 😁,"[0, 40]",Amazing,['amaze'],[],['😁'],"{'polarity': 0.6000000000000001, 'subjectivity': 0.9}","{'excitement': 0.5400000000000001, 'happy': 1.04, 'pleasant': 0.5400000000000001, 'surprise': 0.0, 'fear': 0.0, 'angry': 0.0}",happy,1
5,1241008834669424642,Fri Mar 20 14:28:57 +0000 2020,@PaulieFPL @FPLNym @FPLWildCats @EliteFPL @hayne_charlie @FPLBhuna Definitely more mint than Mint Chocolate 😁,"[0, 109]",Definitely more mint than Mint Chocolate,"['definitely', 'mint', 'mint', 'chocolate']",[],['😁'],"{'polarity': 0.5, 'subjectivity': 0.5}","{'excitement': 0.25, 'happy': 0.75, 'pleasant': 0.25, 'surprise': 0.0, 'fear': 0.0, 'angry': 0.0}",happy,1
6,1241008835331887104,Fri Mar 20 14:28:57 +0000 2020,"Hyeop the Live tomorrow 😁 or....
If I can predict how Woollim work🤣","[0, 67]",Hyeop the Live tomorrow or.... If I can predict how Woollim work🤣,"['hyeop', 'live', 'tomorrow', 'predict', 'woollim', 'work']",[],"['😁', '🤣']","{'polarity': 0.13636363636363635, 'subjectivity': 0.5}","{'excitement': 0.06818181818181818, 'happy': 0.5681818181818181, 'pleasant': 0.06818181818181818, 'surprise': 0.0, 'fear': 0.0, 'angry': 0.0}",happy,1
7,1241008835982176261,Fri Mar 20 14:28:57 +0000 2020,I love it ❤️ #koershumor,"[0, 24]",I love it ️ #koershumor,"['love', 'koershumor']","[{'text': 'koershumor', 'indices': [13, 24]}]",['❤'],"{'polarity': 0.5, 'subjectivity': 0.6}","{'excitement': 0.3, 'happy': 0.8, 'pleasant': 0.3, 'surprise': 0.0, 'fear': 0.0, 'angry': 0.0}",happy,1
