,tweet_id,created_at,text,display_text_range,clean_text,filtered_text,hashtags,emoji,sentiment,scores,label,keep
0,1241008812401635328,Fri Mar 20 14:28:52 +0000 2020,@TravisMayfield Yes we chastise the behavior not the person. Thank you for clarifying but it’s a stressful time and you are human too! Your comment was reactionary and came out wrong. You are  contrite about it. Consider it forgotten. 😊,"[0, 236]",Yes we chastise the behavior not the person. Thank you for clarifying but it’s a stressful time and you are human too! Your comment was reactionary and came out wrong. You are contrite about it. Consider it forgotten.,"['yes', 'chastise', 'behavior', 'person', 'thank', 'clarify', 'stressful', 'time', 'human', 'comment', 'reactionary', 'come', 'wrong', 'contrite', 'consider', 'forget']",[],['😊'],"{'polarity': -0.25, 'subjectivity': 0.5}","{'excitement': 0.0, 'happy': 0.0, 'pleasant': 0.5, 'surprise': 0.125, 'fear': 0.125, 'angry': 0.125}",pleasant,1
1,1241008814062817281,Fri Mar 20 14:28:52 +0000 2020,"@JanetMcwee @truthorbare @Unionist_Ger @sainsburys https://t.co/izdnHr0Gw3 read this, says they are creating priority slots for elderly and vulnerable from 23/3 😊","[0, 162]","read this, says they are creating priority slots for elderly and vulnerable from 23/3","['read', 'say', 'create', 'priority', 'slot', 'elderly', 'vulnerable']",[],['😊'],"{'polarity': -0.5, 'subjectivity': 0.5}","{'excitement': 0.0, 'happy': 0.0, 'pleasant': 0.5, 'surprise': 0.25, 'fear': 0.25, 'angry': 0.25}",pleasant,1
2,1241008815396524034,Fri Mar 20 14:28:53 +0000 2020,@jonmccarthySUN Go back to bed... 😊,"[0, 35]",Go back to bed...,"['go', 'back', 'bed']",[],['😊'],"{'polarity': 0.0, 'subjectivity': 0.0}","{'excitement': 0.0, 'happy': 0.0, 'pleasant': 0.5, 'surprise': 0.0, 'fear': 0.0, 'angry': 0.0}",pleasant,1
3,1241008816021372931,Fri Mar 20 14:28:53 +0000 2020,@NakulShenoy Happens always. No rules for VIPs 😊,"[0, 48]",Happens always. No rules for VIPs,"['happens', 'always', 'rule', 'vip']",[],['😊'],"{'polarity': 0.0, 'subjectivity': 0.0}","{'excitement': 0.0, 'happy': 0.0, 'pleasant': 0.5, 'surprise': 0.0, 'fear': 0.0, 'angry': 0.0}",pleasant,1
4,1241008821062909952,Fri Mar 20 14:28:54 +0000 2020,Goodnight sayo 😊,"[0, 16]",Goodnight sayo,"['goodnight', 'sayo']",[],['😊'],"{'polarity': 0.0, 'subjectivity': 0.0}","{'excitement': 0.0, 'happy': 0.0, 'pleasant': 0.5, 'surprise': 0.0, 'fear': 0.0, 'angry': 0.0}",pleasant,1
5,1241008821658693638,Fri Mar 20 14:28:54 +0000 2020,"@MetroUK Also over pricing goods is illegal and you can get landed with a fine. So all these people raking in money for over priced stuff, I hope you get ripped a new one in fines 😊","[0, 181]","Also over pricing goods is illegal and you can get landed with a fine. So all these people raking in money for over priced stuff, I hope you get ripped a new one in fines","['also', 'price', 'good', 'illegal', 'get', 'land', 'fine', 'people', 'rake', 'money', 'price', 'stuff', 'hope', 'get', 'rip', 'new', 'one', 'fine']",[],['😊'],"{'polarity': 0.01767676767676768, 'subjectivity': 0.48484848484848486}","{'excitement': 0.00857055402509948, 'happy': 0.00857055402509948, 'pleasant': 0.5085705540250994, 'surprise': 0.0, 'fear': 0.0, 'angry': 0.0}",pleasant,1
6,1241008824166670337,Fri Mar 20 14:28:55 +0000 2020,@512_9086 Thank you 😊,"[0, 21]",Thank you,['thank'],[],['😊'],"{'polarity': 0.0, 'subjectivity': 0.0}","{'excitement': 0.0, 'happy': 0.0, 'pleasant': 0.5, 'surprise': 0.0, 'fear': 0.0, 'angry': 0.0}",pleasant,1
7,1241008834799382529,Fri Mar 20 14:28:57 +0000 2020,"@KishiFishy Our time will come!! 💕💕
We should exchange FC when we are happy with our islands! I'd love to come and visit! 😊","[0, 123]",Our time will come!! We should exchange FC when we are happy with our islands! I'd love to come and visit!,"['time', 'come', 'exchange', 'fc', 'happy', 'island', 'love', 'come', 'visit']",[],"['💕', '💕', '😊']","{'polarity': 0.8125, 'subjectivity': 0.8}","{'excitement': 0.65, 'happy': 0.65, 'pleasant': 1.15, 'surprise': 0.0, 'fear': 0.0, 'angry': 0.0}",pleasant,1
8,1241008834170085376,Fri Mar 20 14:28:57 +0000 2020,"I felt so sorry I can’t speak korean and have to speak English to them. It’s my fault not theirs.... And despite being very busy and tired they still try their very best to communicate with as much fans as they can.
DONT TAKE THEIR KINDNESS FOR GRANTED 😊 https://t.co/lWTWO4Z87j","[0, 278]",I felt so sorry I can’t speak korean and have to speak English to them. It’s my fault not theirs.... And despite being very busy and tired they still try their very best to communicate with as much fans as they can. DONT TAKE THEIR KINDNESS FOR GRANTED,"['felt', 'sorry', 'ca', 'speak', 'korean', 'speak', 'english', 'fault', 'despite', 'busy', 'tire', 'still', 'try', 'best', 'communicate', 'much', 'fan', 'dont', 'take', 'kindness', 'grant']",[],['😊'],"{'polarity': 0.07166666666666667, 'subjectivity': 0.4466666666666667}","{'excitement': 0.032011111111111115, 'happy': 0.032011111111111115, 'pleasant': 0.5320111111111111, 'surprise': 0.0, 'fear': 0.0, 'angry': 0.0}",pleasant,1
9,1241008835151577088,Fri Mar 20 14:28:57 +0000 2020,@MSuppasit I LOVE YOU!! STAY HEALTHY AND SAFE 😊,"[0, 47]",I LOVE YOU!! STAY HEALTHY AND SAFE,"['love', 'stay', 'healthy', 'safe']",[],['😊'],"{'polarity': 0.59375, 'subjectivity': 0.5333333333333333}","{'excitement': 0.31666666666666665, 'happy': 0.31666666666666665, 'pleasant': 0.8166666666666667, 'surprise': 0.0, 'fear': 0.0, 'angry': 0.0}",pleasant,1
10,1241008836665913344,Fri Mar 20 14:28:58 +0000 2020,@reto_al_destino Of course 😊,"[0, 28]",Of course,['course'],[],['😊'],"{'polarity': 0.0, 'subjectivity': 0.0}","{'excitement': 0.0, 'happy': 0.0, 'pleasant': 0.5, 'surprise': 0.0, 'fear': 0.0, 'angry': 0.0}",pleasant,1
