,tweet_id,created_at,text,display_text_range,clean_text,filtered_text,hashtags,emoji,sentiment,scores,label,keep
0,1241008811923714059,Fri Mar 20 14:28:52 +0000 2020,"A week like no other... 😳
Steve will be opening up at Noon and is working on keeping his great selection of wines available for you at a 10% discount. He also is cooking up some BBQ Pork sandwiches served with chips for $5.99. Thanks!
#305winegarage
#weloveourcustomers https://t.co/ElVaxLkuBV","[0, 293]",A week like no other... Steve will be opening up at Noon and is working on keeping his great selection of wines available for you at a 10% discount. He also is cooking up some BBQ Pork sandwiches served with chips for $5.99. Thanks! #305winegarage #weloveourcustomers,"['week', 'like', 'steve', 'open', 'noon', 'work', 'keep', 'great', 'selection', 'wine', 'available', '10', 'discount', 'also', 'cook', 'bbq', 'pork', 'sandwich', 'serve', 'chip', 'thanks', 'weloveourcustomers']","[{'text': '305winegarage', 'indices': [235, 249]}, {'text': 'weloveourcustomers', 'indices': [250, 269]}]",['😳'],"{'polarity': 0.37812500000000004, 'subjectivity': 0.43124999999999997}","{'excitement': 0.16306640625000002, 'happy': 0.16306640625000002, 'pleasant': 0.16306640625000002, 'surprise': 0.5, 'fear': 0.0, 'angry': 0.0}",surprise,1
1,1241008816960860162,Fri Mar 20 14:28:53 +0000 2020,@aani_108 I'm ready for the giveaway 😳,"[0, 38]",I'm ready for the giveaway,"['ready', 'giveaway']",[],['😳'],"{'polarity': 0.2, 'subjectivity': 0.5}","{'excitement': 0.1, 'happy': 0.1, 'pleasant': 0.1, 'surprise': 0.5, 'fear': 0.0, 'angry': 0.0}",surprise,1
2,1241008826238853122,Fri Mar 20 14:28:55 +0000 2020,"@wavestar_stunna @SkySportsBoxing @anthonyfjoshua @Tyson_Fury @KubratPulev @EddieHearn @SkySports @BorisJohnson 😳 nah mate, you have to have the full package to pause. Just got the 2 football channels &amp; they ain’t having it, who got time for that tired a*se F1. But are we there yet @BorisJohnson / @EddieHearn ?","[0, 316]","nah mate, you have to have the full package to pause. Just got the 2 football channels &amp; they ain’t having it, who got time for that tired a*se F1. But are we there yet / ?","['nah', 'mate', 'full', 'package', 'pause', 'get', '2', 'football', 'channel', 'amp', 'ai', 'get', 'time', 'tired', 'yet']",[],['😳'],"{'polarity': -0.025000000000000022, 'subjectivity': 0.625}","{'excitement': 0.0, 'happy': 0.0, 'pleasant': 0.0, 'surprise': 0.515625, 'fear': 0.015625000000000014, 'angry': 0.015625000000000014}",surprise,1
