,tweet_id,created_at,text,display_text_range,clean_text,filtered_text,hashtags,emoji,sentiment,scores,label,keep
0,1241008811923714059,Fri Mar 20 14:28:52 +0000 2020,"A week like no other... 😳
Steve will be opening up at Noon and is working on keeping his great selection of wines available for you at a 10% discount. He also is cooking up some BBQ Pork sandwiches served with chips for $5.99. Thanks!
#305winegarage
#weloveourcustomers https://t.co/ElVaxLkuBV","[0, 293]",A week like no other... Steve will be opening up at Noon and is working on keeping his great selection of wines available for you at a 10% discount. He also is cooking up some BBQ Pork sandwiches served with chips for $5.99. Thanks! #305winegarage #weloveourcustomers,"['week', 'like', 'steve', 'open', 'noon', 'work', 'keep', 'great', 'selection', 'wine', 'available', '10', 'discount', 'also', 'cook', 'bbq', 'pork', 'sandwich', 'serve', 'chip', 'thanks', 'weloveourcustomers']","[{'text': '305winegarage', 'indices': [235, 249]}, {'text': 'weloveourcustomers', 'indices': [250, 269]}]",['😳'],"{'polarity': 0.37812500000000004, 'subjectivity': 0.43124999999999997}","{'excitement': 0.16306640625000002, 'happy': 0.16306640625000002, 'pleasant': 0.16306640625000002, 'surprise': 0.5, 'fear': 0.0, 'angry': 0.0}",surprise,1
1,1241008812401635328,Fri Mar 20 14:28:52 +0000 2020,@TravisMayfield Yes we chastise the behavior not the person. Thank you for clarifying but it’s a stressful time and you are human too! Your comment was reactionary and came out wrong. You are  contrite about it. Consider it forgotten. 😊,"[0, 236]",Yes we chastise the behavior not the person. Thank you for clarifying but it’s a stressful time and you are human too! Your comment was reactionary and came out wrong. You are contrite about it. Consider it forgotten.,"['yes', 'chastise', 'behavior', 'person', 'thank', 'clarify', 'stressful', 'time', 'human', 'comment', 'reactionary', 'come', 'wrong', 'contrite', 'consider', 'forget']",[],['😊'],"{'polarity': -0.25, 'subjectivity': 0.5}","{'excitement': 0.0, 'happy': 0.0, 'pleasant': 0.5, 'surprise': 0.125, 'fear': 0.125, 'angry': 0.125}",pleasant,1
2,1241008813009825792,Fri Mar 20 14:28:52 +0000 2020,what the.... 😱,"[0, 14]",what the....,[],[],['😱'],"{'polarity': 0.0, 'subjectivity': 0.0}","{'excitement': 0.0, 'happy': 0.0, 'pleasant': 0.0, 'surprise': 0.0, 'fear': 0.5, 'angry': 0.0}",fear,1
3,1241008811420180482,Fri Mar 20 14:28:52 +0000 2020,@decafsuckz @cruiser96 @UNCBearsWrestle @troy_nickerson This is the kind of twitter content I can get behind this morning! 😁 https://t.co/RAxKQQAcJP,"[0, 148]",This is the kind of twitter content I can get behind this morning!,"['kind', 'twitter', 'content', 'get', 'behind', 'morning']",[],['😁'],"{'polarity': 0.04999999999999999, 'subjectivity': 0.8}","{'excitement': 0.039999999999999994, 'happy': 0.54, 'pleasant': 0.039999999999999994, 'surprise': 0.0, 'fear': 0.0, 'angry': 0.0}",happy,1
4,1241008814062817281,Fri Mar 20 14:28:52 +0000 2020,"@JanetMcwee @truthorbare @Unionist_Ger @sainsburys https://t.co/izdnHr0Gw3 read this, says they are creating priority slots for elderly and vulnerable from 23/3 😊","[0, 162]","read this, says they are creating priority slots for elderly and vulnerable from 23/3","['read', 'say', 'create', 'priority', 'slot', 'elderly', 'vulnerable']",[],['😊'],"{'polarity': -0.5, 'subjectivity': 0.5}","{'excitement': 0.0, 'happy': 0.0, 'pleasant': 0.5, 'surprise': 0.25, 'fear': 0.25, 'angry': 0.25}",pleasant,1
5,1241008815396524034,Fri Mar 20 14:28:53 +0000 2020,@jonmccarthySUN Go back to bed... 😊,"[0, 35]",Go back to bed...,"['go', 'back', 'bed']",[],['😊'],"{'polarity': 0.0, 'subjectivity': 0.0}","{'excitement': 0.0, 'happy': 0.0, 'pleasant': 0.5, 'surprise': 0.0, 'fear': 0.0, 'angry': 0.0}",pleasant,1
6,1241008816021372931,Fri Mar 20 14:28:53 +0000 2020,@NakulShenoy Happens always. No rules for VIPs 😊,"[0, 48]",Happens always. No rules for VIPs,"['happens', 'always', 'rule', 'vip']",[],['😊'],"{'polarity': 0.0, 'subjectivity': 0.0}","{'excitement': 0.0, 'happy': 0.0, 'pleasant': 0.5, 'surprise': 0.0, 'fear': 0.0, 'angry': 0.0}",pleasant,1
7,1241008815765684225,Fri Mar 20 14:28:53 +0000 2020,In early December I bought #TicketPlan insurance for a concert this summer... this is in the policy wording for things they won’t cover 😱 it’s like they knew the #COVID19 pandemic was coming 😬 https://t.co/8eri0icEk3,"[0, 216]",In early December I bought #TicketPlan insurance for a concert this summer... this is in the policy wording for things they won’t cover it’s like they knew the #COVID19 pandemic was coming,"['early', 'december', 'buy', 'ticketplan', 'insurance', 'concert', 'summer', 'policy', 'word', 'thing', 'wo', 'cover', 'like', 'know', 'pandemic', 'come']","[{'text': 'TicketPlan', 'indices': [27, 38]}, {'text': 'COVID19', 'indices': [162, 170]}]","['😱', '😬']","{'polarity': 0.1, 'subjectivity': 0.3}","{'excitement': 0.03, 'happy': 0.03, 'pleasant': 0.03, 'surprise': 0.0, 'fear': 0.5, 'angry': 0.0}",fear,1
8,1241008816960860162,Fri Mar 20 14:28:53 +0000 2020,@aani_108 I'm ready for the giveaway 😳,"[0, 38]",I'm ready for the giveaway,"['ready', 'giveaway']",[],['😳'],"{'polarity': 0.2, 'subjectivity': 0.5}","{'excitement': 0.1, 'happy': 0.1, 'pleasant': 0.1, 'surprise': 0.5, 'fear': 0.0, 'angry': 0.0}",surprise,1
9,1241008820647677952,Fri Mar 20 14:28:54 +0000 2020,Let's cuddle after quarantine @Hudaahasinah huhu,"[0, 48]",Let's cuddle after quarantine huhu,"['let', 'cuddle', 'quarantine', 'huhu']",[],[],"{'polarity': 0.0, 'subjectivity': 0.0}","{'excitement': 0.0, 'happy': 0.0, 'pleasant': 0.0, 'surprise': 0.0, 'fear': 0.0, 'angry': 0.0}",,0
10,1241008821062909952,Fri Mar 20 14:28:54 +0000 2020,Goodnight sayo 😊,"[0, 16]",Goodnight sayo,"['goodnight', 'sayo']",[],['😊'],"{'polarity': 0.0, 'subjectivity': 0.0}","{'excitement': 0.0, 'happy': 0.0, 'pleasant': 0.5, 'surprise': 0.0, 'fear': 0.0, 'angry': 0.0}",pleasant,1
11,1241008821658693638,Fri Mar 20 14:28:54 +0000 2020,"@MetroUK Also over pricing goods is illegal and you can get landed with a fine. So all these people raking in money for over priced stuff, I hope you get ripped a new one in fines 😊","[0, 181]","Also over pricing goods is illegal and you can get landed with a fine. So all these people raking in money for over priced stuff, I hope you get ripped a new one in fines","['also', 'price', 'good', 'illegal', 'get', 'land', 'fine', 'people', 'rake', 'money', 'price', 'stuff', 'hope', 'get', 'rip', 'new', 'one', 'fine']",[],['😊'],"{'polarity': 0.01767676767676768, 'subjectivity': 0.48484848484848486}","{'excitement': 0.00857055402509948, 'happy': 0.00857055402509948, 'pleasant': 0.5085705540250994, 'surprise': 0.0, 'fear': 0.0, 'angry': 0.0}",pleasant,1
12,1241008824166670337,Fri Mar 20 14:28:55 +0000 2020,@512_9086 Thank you 😊,"[0, 21]",Thank you,['thank'],[],['😊'],"{'polarity': 0.0, 'subjectivity': 0.0}","{'excitement': 0.0, 'happy': 0.0, 'pleasant': 0.5, 'surprise': 0.0, 'fear': 0.0, 'angry': 0.0}",pleasant,1
13,1241008824749682688,Fri Mar 20 14:28:55 +0000 2020,@bestboyhoshi lexisaturtle 😁,"[0, 28]",lexisaturtle,['lexisaturtle'],[],['😁'],"{'polarity': 0.0, 'subjectivity': 0.0}","{'excitement': 0.0, 'happy': 0.5, 'pleasant': 0.0, 'surprise': 0.0, 'fear': 0.0, 'angry': 0.0}",happy,1
14,1241008826238853122,Fri Mar 20 14:28:55 +0000 2020,"@wavestar_stunna @SkySportsBoxing @anthonyfjoshua @Tyson_Fury @KubratPulev @EddieHearn @SkySports @BorisJohnson 😳 nah mate, you have to have the full package to pause. Just got the 2 football channels &amp; they ain’t having it, who got time for that tired a*se F1. But are we there yet @BorisJohnson / @EddieHearn ?","[0, 316]","nah mate, you have to have the full package to pause. Just got the 2 football channels &amp; they ain’t having it, who got time for that tired a*se F1. But are we there yet / ?","['nah', 'mate', 'full', 'package', 'pause', 'get', '2', 'football', 'channel', 'amp', 'ai', 'get', 'time', 'tired', 'yet']",[],['😳'],"{'polarity': -0.025000000000000022, 'subjectivity': 0.625}","{'excitement': 0.0, 'happy': 0.0, 'pleasant': 0.0, 'surprise': 0.515625, 'fear': 0.015625000000000014, 'angry': 0.015625000000000014}",surprise,1
15,1241008827119607808,Fri Mar 20 14:28:55 +0000 2020,Pm handsome ha na 🤣🤣🤣🤣🤣,"[0, 23]",Pm handsome ha na 🤣🤣🤣🤣🤣,"['pm', 'handsome', 'ha', 'na']",[],"['🤣', '🤣', '🤣', '🤣', '🤣']","{'polarity': 0.5, 'subjectivity': 1.0}","{'excitement': 0.5, 'happy': 0.5, 'pleasant': 0.5, 'surprise': 0.0, 'fear': 0.0, 'angry': 0.0}",,0
16,1241008827924803584,Fri Mar 20 14:28:56 +0000 2020,I'm counting to 10 😁,"[0, 20]",I'm counting to 10,"['count', '10']",[],['😁'],"{'polarity': 0.0, 'subjectivity': 0.0}","{'excitement': 0.0, 'happy': 0.5, 'pleasant': 0.0, 'surprise': 0.0, 'fear': 0.0, 'angry': 0.0}",happy,1
17,1241008830160519170,Fri Mar 20 14:28:56 +0000 2020,@AidenHatfield Aww lovely I can't wait to hear it 😁 xxx,"[0, 55]",Aww lovely I can't wait to hear it xxx,"['aww', 'lovely', 'ca', 'wait', 'hear', 'xxx']",[],['😁'],"{'polarity': 0.4, 'subjectivity': 0.825}","{'excitement': 0.33, 'happy': 0.8300000000000001, 'pleasant': 0.33, 'surprise': 0.0, 'fear': 0.0, 'angry': 0.0}",happy,1
18,1241008832588869632,Fri Mar 20 14:28:57 +0000 2020,"@cookiesandangel They will pay for this, they will flop and tank so hard. 😡","[0, 75]","They will pay for this, they will flop and tank so hard.","['pay', 'flop', 'tank', 'hard']",[],['😡'],"{'polarity': -0.2916666666666667, 'subjectivity': 0.5416666666666666}","{'excitement': 0.0, 'happy': 0.0, 'pleasant': 0.0, 'surprise': 0.1579861111111111, 'fear': 0.1579861111111111, 'angry': 0.6579861111111112}",angry,1
19,1241008832802951168,Fri Mar 20 14:28:57 +0000 2020,@MaidenSarah1 @sincesixaneagle Amazing 😁,"[0, 40]",Amazing,['amaze'],[],['😁'],"{'polarity': 0.6000000000000001, 'subjectivity': 0.9}","{'excitement': 0.5400000000000001, 'happy': 1.04, 'pleasant': 0.5400000000000001, 'surprise': 0.0, 'fear': 0.0, 'angry': 0.0}",happy,1
21,1241008834165870594,Fri Mar 20 14:28:57 +0000 2020,I might be a liar but I am not 5’7 😡,"[0, 36]",I might be a liar but I am not 5’7,"['might', 'liar']",[],['😡'],"{'polarity': 0.0, 'subjectivity': 0.0}","{'excitement': 0.0, 'happy': 0.0, 'pleasant': 0.0, 'surprise': 0.0, 'fear': 0.0, 'angry': 0.5}",angry,1
22,1241008834669424642,Fri Mar 20 14:28:57 +0000 2020,@PaulieFPL @FPLNym @FPLWildCats @EliteFPL @hayne_charlie @FPLBhuna Definitely more mint than Mint Chocolate 😁,"[0, 109]",Definitely more mint than Mint Chocolate,"['definitely', 'mint', 'mint', 'chocolate']",[],['😁'],"{'polarity': 0.5, 'subjectivity': 0.5}","{'excitement': 0.25, 'happy': 0.75, 'pleasant': 0.25, 'surprise': 0.0, 'fear': 0.0, 'angry': 0.0}",happy,1
23,1241008834799382529,Fri Mar 20 14:28:57 +0000 2020,"@KishiFishy Our time will come!! 💕💕
We should exchange FC when we are happy with our islands! I'd love to come and visit! 😊","[0, 123]",Our time will come!! We should exchange FC when we are happy with our islands! I'd love to come and visit!,"['time', 'come', 'exchange', 'fc', 'happy', 'island', 'love', 'come', 'visit']",[],"['💕', '💕', '😊']","{'polarity': 0.8125, 'subjectivity': 0.8}","{'excitement': 0.65, 'happy': 0.65, 'pleasant': 1.15, 'surprise': 0.0, 'fear': 0.0, 'angry': 0.0}",pleasant,1
24,1241008834170085376,Fri Mar 20 14:28:57 +0000 2020,"I felt so sorry I can’t speak korean and have to speak English to them. It’s my fault not theirs.... And despite being very busy and tired they still try their very best to communicate with as much fans as they can.
DONT TAKE THEIR KINDNESS FOR GRANTED 😊 https://t.co/lWTWO4Z87j","[0, 278]",I felt so sorry I can’t speak korean and have to speak English to them. It’s my fault not theirs.... And despite being very busy and tired they still try their very best to communicate with as much fans as they can. DONT TAKE THEIR KINDNESS FOR GRANTED,"['felt', 'sorry', 'ca', 'speak', 'korean', 'speak', 'english', 'fault', 'despite', 'busy', 'tire', 'still', 'try', 'best', 'communicate', 'much', 'fan', 'dont', 'take', 'kindness', 'grant']",[],['😊'],"{'polarity': 0.07166666666666667, 'subjectivity': 0.4466666666666667}","{'excitement': 0.032011111111111115, 'happy': 0.032011111111111115, 'pleasant': 0.5320111111111111, 'surprise': 0.0, 'fear': 0.0, 'angry': 0.0}",pleasant,1
25,1241008835151577088,Fri Mar 20 14:28:57 +0000 2020,@MSuppasit I LOVE YOU!! STAY HEALTHY AND SAFE 😊,"[0, 47]",I LOVE YOU!! STAY HEALTHY AND SAFE,"['love', 'stay', 'healthy', 'safe']",[],['😊'],"{'polarity': 0.59375, 'subjectivity': 0.5333333333333333}","{'excitement': 0.31666666666666665, 'happy': 0.31666666666666665, 'pleasant': 0.8166666666666667, 'surprise': 0.0, 'fear': 0.0, 'angry': 0.0}",pleasant,1
26,1241008835331887104,Fri Mar 20 14:28:57 +0000 2020,"Hyeop the Live tomorrow 😁 or....
If I can predict how Woollim work🤣","[0, 67]",Hyeop the Live tomorrow or.... If I can predict how Woollim work🤣,"['hyeop', 'live', 'tomorrow', 'predict', 'woollim', 'work']",[],"['😁', '🤣']","{'polarity': 0.13636363636363635, 'subjectivity': 0.5}","{'excitement': 0.06818181818181818, 'happy': 0.5681818181818181, 'pleasant': 0.06818181818181818, 'surprise': 0.0, 'fear': 0.0, 'angry': 0.0}",happy,1
27,1241008835982176261,Fri Mar 20 14:28:57 +0000 2020,I love it ❤️ #koershumor,"[0, 24]",I love it ️ #koershumor,"['love', 'koershumor']","[{'text': 'koershumor', 'indices': [13, 24]}]",['❤'],"{'polarity': 0.5, 'subjectivity': 0.6}","{'excitement': 0.3, 'happy': 0.8, 'pleasant': 0.3, 'surprise': 0.0, 'fear': 0.0, 'angry': 0.0}",happy,1
28,1241008836485345280,Fri Mar 20 14:28:58 +0000 2020,@Rosie_520DiYue @ChillPiper We wonder. Could be as simple as lips touching..playful nibble.. maybe “accidentally” felt a wet kiss? Maybe it’s best we don’t know. Haha There has to be a reason why we can’t see beyond that take they included. 😆,"[0, 242]",We wonder. Could be as simple as lips touching..playful nibble.. maybe “accidentally” felt a wet kiss? Maybe it’s best we don’t know. Haha There has to be a reason why we can’t see beyond that take they included.,"['wonder', 'could', 'simple', 'lip', 'touch', 'playful', 'nibble', 'maybe', 'accidentally', 'felt', 'wet', 'kiss', 'maybe', 'best', 'know', 'haha', 'reason', 'ca', 'see', 'beyond', 'take', 'include']",[],['😆'],"{'polarity': 0.275, 'subjectivity': 0.3392857142857143}","{'excitement': 0.5933035714285715, 'happy': 0.09330357142857144, 'pleasant': 0.09330357142857144, 'surprise': 0.0, 'fear': 0.0, 'angry': 0.0}",excitement,1
29,1241008836665913344,Fri Mar 20 14:28:58 +0000 2020,@reto_al_destino Of course 😊,"[0, 28]",Of course,['course'],[],['😊'],"{'polarity': 0.0, 'subjectivity': 0.0}","{'excitement': 0.0, 'happy': 0.0, 'pleasant': 0.5, 'surprise': 0.0, 'fear': 0.0, 'angry': 0.0}",pleasant,1
